{
  "activity": [
    12,
    7
  ],
  "agent_memory": 10,
  "base_game_name": "feb10_2p_5type_2",
  "heuristic_deviations": 1000,
  "increment": 0.05,
  "information_policy": "show_demand",
  "licenses": [
    1,
    4
  ],
  "max_rounds": 10,
  "opening_price": [
    12,
    7
  ],
  "rule": "base",
  "sor_bid_bonus_rho": 1,
  "license_names": [
    "British Columbia"
  ],
  "players": [
    {
      "type": [
        {
          "value": [
            0,
            7.518658828939417,
            23.354705358413153,
            39.60718167815125,
            44.36314221782829,
            12.531098048232364,
            37.5036946725034,
            42.77782203793594,
            47.53378257761299,
            52.28974311729003
          ],
          "value_format": "full",
          "budget": 52.28974311729003,
          "prob": 0.2,
          "name": "local",
          "action_prefix": [
            3,
            3
          ]
        },
        {
          "value": [
            0,
            5.98292337698327,
            19.04941851766574,
            29.319261286105075,
            32.650019257645646,
            9.971538961638784,
            28.209008628924888,
            31.539766600465455,
            34.87052457200602,
            38.20128254354659
          ],
          "value_format": "full",
          "budget": 38.20128254354659,
          "prob": 0.2,
          "name": "local",
          "action_prefix": [
            3,
            3
          ]
        },
        {
          "value": [
            0,
            7.629948383657097,
            24.06547209839204,
            38.75102516524353,
            43.2701326736764,
            12.716580639428496,
            37.244655995765925,
            41.763763504198785,
            46.28287101263164,
            50.801978521064505
          ],
          "value_format": "full",
          "budget": 50.801978521064505,
          "prob": 0.2,
          "name": "local",
          "action_prefix": [
            3,
            3
          ]
        },
        {
          "value": [
            0,
            6.130125284414789,
            17.630689235642564,
            35.480964877624594,
            40.143388787026964,
            10.216875474024647,
            30.595679729313673,
            38.58924748389285,
            43.251671393295204,
            47.91409530269757
          ],
          "value_format": "full",
          "budget": 47.91409530269757,
          "prob": 0.2,
          "name": "local",
          "action_prefix": [
            3,
            3
          ]
        },
        {
          "value": [
            0,
            5.926674840467999,
            14.485627222290903,
            35.66937933982814,
            42.988471240402006,
            9.87779140078,
            28.6081286339824,
            41.14779487984088,
            46.66982396152428,
            52.19185304320767
          ],
          "value_format": "full",
          "budget": 52.19185304320767,
          "prob": 0.2,
          "name": "local",
          "action_prefix": [
            3,
            3
          ]
        }
      ]
    },
    {
      "type": [
        {
          "value": [
            0,
            7.468459897365897,
            22.661310180001898,
            40.867736652658294,
            45.942263055979204,
            12.447433162276495,
            37.381257973117485,
            44.25075425487224,
            49.32528065819316,
            54.399807061514075
          ],
          "value_format": "full",
          "budget": 54.399807061514075,
          "prob": 0.2,
          "name": "local",
          "action_prefix": [
            3,
            3
          ]
        },
        {
          "value": [
            0,
            7.14753824768867,
            21.896468358053426,
            38.571169878363655,
            43.30027775842109,
            11.912563746147786,
            35.74574903075013,
            41.72390846506861,
            46.45301634512604,
            51.182124225183465
          ],
          "value_format": "full",
          "budget": 51.182124225183465,
          "prob": 0.2,
          "name": "local",
          "action_prefix": [
            3,
            3
          ]
        },
        {
          "value": [
            0,
            6.332139823302329,
            19.827766138370563,
            32.78378704822632,
            36.66493825726853,
            10.553566372170549,
            31.490069978545588,
            35.3712211875878,
            39.25237239663,
            43.1335236056722
          ],
          "value_format": "full",
          "budget": 43.1335236056722,
          "prob": 0.2,
          "name": "local",
          "action_prefix": [
            3,
            3
          ]
        },
        {
          "value": [
            0,
            5.740685649139961,
            17.026290960321177,
            32.28409097644393,
            36.39999458175927,
            9.567809415233269,
            28.73189308091982,
            35.02802671332082,
            39.14393031863617,
            43.259833923951525
          ],
          "value_format": "full",
          "budget": 43.259833923951525,
          "prob": 0.2,
          "name": "local",
          "action_prefix": [
            3,
            3
          ]
        },
        {
          "value": [
            0,
            6.390101396966821,
            17.766918211981903,
            37.92397114043734,
            43.052879102136586,
            10.650168994944703,
            31.72955771646363,
            41.34324311490351,
            46.47215107660276,
            51.601059038302026
          ],
          "value_format": "full",
          "budget": 51.601059038302026,
          "prob": 0.2,
          "name": "local",
          "action_prefix": [
            3,
            3
          ]
        }
      ]
    }
  ]
}