{
  "activity": [
    12,
    7
  ],
  "agent_memory": 10,
  "base_game_name": "feb10_2p_5type_1",
  "heuristic_deviations": 1000,
  "increment": 0.05,
  "information_policy": "show_demand",
  "licenses": [
    1,
    4
  ],
  "max_rounds": 10,
  "opening_price": [
    12,
    7
  ],
  "rule": "base",
  "sor_bid_bonus_rho": 1,
  "license_names": [
    "British Columbia"
  ],
  "players": [
    {
      "type": [
        {
          "value": [
            0,
            6.175350015993453,
            19.23702504650247,
            32.34247214024571,
            36.207403241711184,
            10.292250026655756,
            30.777330538057768,
            34.91909287455603,
            38.784023976021494,
            42.64895507748695
          ],
          "value_format": "full",
          "budget": 42.64895507748695,
          "prob": 0.2,
          "name": "local",
          "action_prefix": [
            3,
            3
          ]
        },
        {
          "value": [
            0,
            5.413123629485402,
            12.991496710764965,
            31.67838361989234,
            42.27722305152492,
            9.021872715809005,
            24.612742398275376,
            40.28780672552656,
            46.25605570352164,
            52.22430468151673
          ],
          "value_format": "full",
          "budget": 52.22430468151673,
          "prob": 0.2,
          "name": "local",
          "action_prefix": [
            3,
            3
          ]
        },
        {
          "value": [
            0,
            5.97981452070229,
            18.570138164621692,
            31.51597184792588,
            35.30188334050332,
            9.966357534503818,
            29.829784329881047,
            34.03991284297751,
            37.82582433555495,
            41.611735828132396
          ],
          "value_format": "full",
          "budget": 41.611735828132396,
          "prob": 0.2,
          "name": "local",
          "action_prefix": [
            3,
            3
          ]
        },
        {
          "value": [
            0,
            6.158085358341565,
            18.902883459253225,
            33.12765889115269,
            37.178053354188165,
            10.263475597235944,
            30.789475791363273,
            35.82792186650968,
            39.87831632954515,
            43.928710792580624
          ],
          "value_format": "full",
          "budget": 43.928710792580624,
          "prob": 0.2,
          "name": "local",
          "action_prefix": [
            3,
            3
          ]
        },
        {
          "value": [
            0,
            7.308441635395313,
            20.284720014625453,
            43.424356369029645,
            49.30532017114186,
            12.18073605899219,
            36.27835895208308,
            47.34499890377113,
            53.225962705883326,
            59.10692650799553
          ],
          "value_format": "full",
          "budget": 59.10692650799553,
          "prob": 0.2,
          "name": "local",
          "action_prefix": [
            3,
            3
          ]
        }
      ]
    },
    {
      "type": [
        {
          "value": [
            0,
            7.601094711714855,
            24.0348022080489,
            38.30103266293418,
            42.741051053561,
            12.668491186191424,
            36.821026532725256,
            41.26104492335206,
            45.70106331397888,
            50.141081704605696
          ],
          "value_format": "full",
          "budget": 50.141081704605696,
          "prob": 0.2,
          "name": "local",
          "action_prefix": [
            3,
            3
          ]
        },
        {
          "value": [
            0,
            5.842812423797658,
            14.436942868275422,
            35.199422011009766,
            42.17414749350653,
            9.73802070632943,
            28.278595630098323,
            40.378190168251784,
            45.76606214401604,
            51.15393411978031
          ],
          "value_format": "full",
          "budget": 51.15393411978031,
          "prob": 0.2,
          "name": "local",
          "action_prefix": [
            3,
            3
          ]
        },
        {
          "value": [
            0,
            7.521834019588493,
            21.63025721330176,
            43.541271594440936,
            49.263614641315776,
            12.536390032647489,
            37.54107627464056,
            47.35616695902416,
            53.07851000589899,
            58.80085305277382
          ],
          "value_format": "full",
          "budget": 58.80085305277382,
          "prob": 0.2,
          "name": "local",
          "action_prefix": [
            3,
            3
          ]
        },
        {
          "value": [
            0,
            6.257416117237173,
            18.56121389359453,
            35.185294153406886,
            39.670464165624,
            10.429026862061955,
            31.318298516469135,
            38.17540749488496,
            42.66057750710206,
            47.14574751931918
          ],
          "value_format": "full",
          "budget": 47.14574751931918,
          "prob": 0.2,
          "name": "local",
          "action_prefix": [
            3,
            3
          ]
        },
        {
          "value": [
            0,
            6.033652342560557,
            18.850461658712742,
            31.401639419939254,
            35.134821198836896,
            10.056087237600929,
            30.041122706920476,
            33.89042727253768,
            37.62360905143532,
            41.35679083033295
          ],
          "value_format": "full",
          "budget": 41.35679083033295,
          "prob": 0.2,
          "name": "local",
          "action_prefix": [
            3,
            3
          ]
        }
      ]
    }
  ]
}