{
  "activity": [
    12,
    7
  ],
  "agent_memory": 10,
  "base_game_name": "feb10_2p_5type_4",
  "heuristic_deviations": 1000,
  "increment": 0.05,
  "information_policy": "show_demand",
  "licenses": [
    1,
    4
  ],
  "max_rounds": 10,
  "opening_price": [
    12,
    7
  ],
  "rule": "base",
  "sor_bid_bonus_rho": 1,
  "license_names": [
    "British Columbia"
  ],
  "players": [
    {
      "type": [
        {
          "value": [
            0,
            7.0882676643973985,
            19.417273440321303,
            42.4676972345295,
            48.277861824385504,
            11.81377944066233,
            35.10096518038422,
            46.3411402944335,
            52.151304884289495,
            57.9614694741455
          ],
          "value_format": "full",
          "budget": 57.9614694741455,
          "prob": 0.2,
          "name": "local",
          "action_prefix": [
            3,
            3
          ]
        },
        {
          "value": [
            0,
            5.5871836500904255,
            14.83667954366688,
            33.822944628394254,
            38.833039283802584,
            9.311972750150709,
            27.4941896001518,
            37.24409622924816,
            42.01092539291143,
            46.77775455657473
          ],
          "value_format": "full",
          "budget": 46.77775455657473,
          "prob": 0.2,
          "name": "local",
          "action_prefix": [
            3,
            3
          ]
        },
        {
          "value": [
            0,
            6.8855063630261615,
            18.8285035168825,
            41.29728355223584,
            46.9548838621439,
            11.475843938376936,
            34.08540948600939,
            45.069017092174555,
            50.72661740208262,
            56.384217711990686
          ],
          "value_format": "full",
          "budget": 56.384217711990686,
          "prob": 0.2,
          "name": "local",
          "action_prefix": [
            3,
            3
          ]
        },
        {
          "value": [
            0,
            5.852826208594396,
            15.906788792293007,
            35.23189698619993,
            40.08071920715728,
            9.754710347657328,
            28.938883618582985,
            38.46444513350483,
            43.31326735446217,
            48.162089575419515
          ],
          "value_format": "full",
          "budget": 48.162089575419515,
          "prob": 0.2,
          "name": "local",
          "action_prefix": [
            3,
            3
          ]
        },
        {
          "value": [
            0,
            5.338420964194416,
            12.812210314066599,
            31.025403019093414,
            42.16664556438868,
            8.897368273657362,
            23.955651870276863,
            40.14903819640716,
            46.201860300351726,
            52.25468240429629
          ],
          "value_format": "full",
          "budget": 52.25468240429629,
          "prob": 0.2,
          "name": "local",
          "action_prefix": [
            3,
            3
          ]
        }
      ]
    },
    {
      "type": [
        {
          "value": [
            0,
            6.807008085576114,
            21.609660370506088,
            33.804458507420364,
            37.68140722293287,
            11.345013475960192,
            32.51214226891618,
            36.389090984428705,
            40.26603969994121,
            44.14298841545372
          ],
          "value_format": "full",
          "budget": 44.14298841545372,
          "prob": 0.2,
          "name": "local",
          "action_prefix": [
            3,
            3
          ]
        },
        {
          "value": [
            0,
            5.59295740861999,
            16.396512722926033,
            31.824827852295066,
            35.93121119351206,
            9.321595681033315,
            27.97097412132715,
            34.56241674643973,
            38.66880008765672,
            42.77518342887372
          ],
          "value_format": "full",
          "budget": 42.77518342887372,
          "prob": 0.2,
          "name": "local",
          "action_prefix": [
            3,
            3
          ]
        },
        {
          "value": [
            0,
            6.708337193190979,
            20.894929832243776,
            35.14242121427284,
            39.34278583830232,
            11.18056198865163,
            33.43490690913104,
            37.94266429695916,
            42.14302892098865,
            46.343393545018145
          ],
          "value_format": "full",
          "budget": 46.343393545018145,
          "prob": 0.2,
          "name": "local",
          "action_prefix": [
            3,
            3
          ]
        },
        {
          "value": [
            0,
            6.712492016486118,
            20.335208062989263,
            36.809698943552384,
            41.38944621119091,
            11.187486694143532,
            33.600081491815146,
            39.86286378864474,
            44.442611056283255,
            49.02235832392178
          ],
          "value_format": "full",
          "budget": 49.02235832392178,
          "prob": 0.2,
          "name": "local",
          "action_prefix": [
            3,
            3
          ]
        },
        {
          "value": [
            0,
            5.868463669163903,
            17.800261560211155,
            32.127758395422084,
            36.11880694600206,
            9.780772781939838,
            29.37347043311641,
            34.78845742914206,
            38.77950597972204,
            42.77055453030201
          ],
          "value_format": "full",
          "budget": 42.77055453030201,
          "prob": 0.2,
          "name": "local",
          "action_prefix": [
            3,
            3
          ]
        }
      ]
    }
  ]
}