{
  "activity": [
    12,
    7
  ],
  "agent_memory": 10,
  "base_game_name": "feb10_2p_2type_0",
  "heuristic_deviations": 1000,
  "increment": 0.05,
  "information_policy": "show_demand",
  "licenses": [
    1,
    4
  ],
  "max_rounds": 10,
  "opening_price": [
    12,
    7
  ],
  "rule": "base",
  "sor_bid_bonus_rho": 0,
  "license_names": [
    "British Columbia"
  ],
  "players": [
    {
      "type": [
        {
          "value": [
            0,
            6.407158892897722,
            19.65115712426388,
            34.51292463219905,
            38.73761380154957,
            10.678598154829539,
            32.03835166066479,
            37.32938407843273,
            41.55407324778325,
            45.77876241713377
          ],
          "value_format": "full",
          "budget": 45.77876241713377,
          "prob": 0.5,
          "name": "local",
          "action_prefix": [
            3,
            3
          ]
        },
        {
          "value": [
            0,
            7.583853955455076,
            22.859534366902707,
            41.860292016797075,
            47.10052798425682,
            12.639756592425126,
            37.96762678718347,
            45.35378266177024,
            50.59401862922998,
            55.834254596689725
          ],
          "value_format": "full",
          "budget": 55.834254596689725,
          "prob": 0.5,
          "name": "local",
          "action_prefix": [
            3,
            3
          ]
        }
      ]
    },
    {
      "type": [
        {
          "value": [
            0,
            5.572191391536627,
            17.563156929963615,
            28.35702599466383,
            31.66909316824494,
            9.286985652561045,
            27.253003603470123,
            30.565070777051236,
            33.877137950632346,
            37.189205124213466
          ],
          "value_format": "full",
          "budget": 37.189205124213466,
          "prob": 0.5,
          "name": "local",
          "action_prefix": [
            3,
            3
          ]
        },
        {
          "value": [
            0,
            6.044081354492143,
            17.017595124728476,
            35.56024576664284,
            40.32040398363738,
            10.073468924153572,
            30.074560104435736,
            38.73368457797253,
            43.493842794967065,
            48.25400101196159
          ],
          "value_format": "full",
          "budget": 48.25400101196159,
          "prob": 0.5,
          "name": "local",
          "action_prefix": [
            3,
            3
          ]
        }
      ]
    }
  ]
}