{
  "activity": [
    12,
    7
  ],
  "agent_memory": 10,
  "base_game_name": "feb10_2p_7type_0",
  "heuristic_deviations": 1000,
  "increment": 0.05,
  "information_policy": "show_demand",
  "licenses": [
    1,
    4
  ],
  "max_rounds": 10,
  "opening_price": [
    12,
    7
  ],
  "rule": "tie_break",
  "sor_bid_bonus_rho": 1,
  "tiebreaking_policy": "DROP_BY_LICENSE",
  "license_names": [
    "British Columbia"
  ],
  "players": [
    {
      "type": [
        {
          "value": [
            0,
            6.515294902890982,
            16.145748816128304,
            39.26079350046683,
            46.965134703340766,
            10.858824838151637,
            31.555778605687326,
            44.9681396256392,
            50.95912485874389,
            56.9501100918486
          ],
          "value_format": "full",
          "budget": 56.9501100918486,
          "prob": 0.14285714285714285,
          "name": "local",
          "action_prefix": [
            3,
            3
          ]
        },
        {
          "value": [
            0,
            6.681621855107856,
            17.858955594012873,
            40.45823073979794,
            46.25412158713478,
            11.13603642517976,
            32.92513902453626,
            44.36907119504446,
            50.02422237131543,
            55.67937354758641
          ],
          "value_format": "full",
          "budget": 55.67937354758641,
          "prob": 0.14285714285714285,
          "name": "local",
          "action_prefix": [
            3,
            3
          ]
        },
        {
          "value": [
            0,
            6.36588108996859,
            19.308782983235005,
            34.85154981006577,
            39.18102954781381,
            10.609801816614317,
            31.86321909554942,
            37.73786963523113,
            42.06734937297917,
            46.39682911072721
          ],
          "value_format": "full",
          "budget": 46.39682911072721,
          "prob": 0.14285714285714285,
          "name": "local",
          "action_prefix": [
            3,
            3
          ]
        },
        {
          "value": [
            0,
            7.179059814870757,
            17.91516069234943,
            43.286343598896465,
            51.581626916593656,
            11.965099691451261,
            34.829282630047466,
            49.39620999813558,
            55.95246075350979,
            62.508711508884005
          ],
          "value_format": "full",
          "budget": 62.508711508884005,
          "prob": 0.14285714285714285,
          "name": "local",
          "action_prefix": [
            3,
            3
          ]
        },
        {
          "value": [
            0,
            5.641349244617384,
            14.642952545014467,
            34.11157646575517,
            39.72848566099007,
            9.402248741028972,
            27.62203515884161,
            38.08094781775063,
            43.02356134746895,
            47.96617487718727
          ],
          "value_format": "full",
          "budget": 47.96617487718727,
          "prob": 0.14285714285714285,
          "name": "local",
          "action_prefix": [
            3,
            3
          ]
        },
        {
          "value": [
            0,
            6.169935807660235,
            19.670585342269256,
            30.022292069496682,
            33.416101105250576,
            10.283226346100392,
            28.891022390912056,
            32.284831426665946,
            35.678640462419835,
            39.07244949817374
          ],
          "value_format": "full",
          "budget": 39.07244949817374,
          "prob": 0.14285714285714285,
          "name": "local",
          "action_prefix": [
            3,
            3
          ]
        },
        {
          "value": [
            0,
            5.546814687822188,
            17.33540896694788,
            28.845696192144406,
            32.272872382282934,
            9.244691146370315,
            27.613657814961414,
            31.13048031890342,
            34.55765650904194,
            37.984832699180465
          ],
          "value_format": "full",
          "budget": 37.984832699180465,
          "prob": 0.14285714285714285,
          "name": "local",
          "action_prefix": [
            3,
            3
          ]
        }
      ]
    },
    {
      "type": [
        {
          "value": [
            0,
            6.229947295575628,
            19.406685274665733,
            32.629886184354255,
            36.52930812301752,
            10.383245492626047,
            31.049649131271543,
            35.22950081012977,
            39.12892274879303,
            43.02834468745629
          ],
          "value_format": "full",
          "budget": 43.02834468745629,
          "prob": 0.14285714285714285,
          "name": "local",
          "action_prefix": [
            3,
            3
          ]
        },
        {
          "value": [
            0,
            5.779256099541567,
            18.342190333431123,
            28.73056297882759,
            32.028103316833985,
            9.632093499235946,
            27.63138286615879,
            30.928923204165187,
            34.22646354217158,
            37.52400388017797
          ],
          "value_format": "full",
          "budget": 37.52400388017797,
          "prob": 0.14285714285714285,
          "name": "local",
          "action_prefix": [
            3,
            3
          ]
        },
        {
          "value": [
            0,
            5.780952639479396,
            17.461557357885365,
            31.82424774346283,
            35.79812198993952,
            9.634921065798991,
            28.940247380044756,
            34.47349724111396,
            38.447371487590644,
            42.42124573406733
          ],
          "value_format": "full",
          "budget": 42.42124573406733,
          "prob": 0.14285714285714285,
          "name": "local",
          "action_prefix": [
            3,
            3
          ]
        },
        {
          "value": [
            0,
            5.546415307573762,
            13.311396738177027,
            32.94030657379638,
            42.028766905632125,
            9.244025512622937,
            25.970480174504342,
            40.13129865302248,
            45.823703410851394,
            51.516108168680326
          ],
          "value_format": "full",
          "budget": 51.516108168680326,
          "prob": 0.14285714285714285,
          "name": "local",
          "action_prefix": [
            3,
            3
          ]
        },
        {
          "value": [
            0,
            7.96774571355865,
            24.918137264007033,
            41.372592431662994,
            46.28205961323189,
            13.279576189264418,
            39.65559153535378,
            44.64557055270893,
            49.555037734277825,
            54.46450491584672
          ],
          "value_format": "full",
          "budget": 54.46450491584672,
          "prob": 0.14285714285714285,
          "name": "local",
          "action_prefix": [
            3,
            3
          ]
        },
        {
          "value": [
            0,
            7.375985646815015,
            23.449860029036195,
            36.4041081068256,
            40.56064710649231,
            12.293309411358358,
            35.0185951069367,
            39.175134106603416,
            43.33167310627011,
            47.48821210593682
          ],
          "value_format": "full",
          "budget": 47.48821210593682,
          "prob": 0.14285714285714285,
          "name": "local",