{
  "activity": [
    12,
    7
  ],
  "agent_memory": 10,
  "base_game_name": "feb10_2p_7type_4",
  "heuristic_deviations": 1000,
  "increment": 0.05,
  "information_policy": "show_demand",
  "licenses": [
    1,
    4
  ],
  "max_rounds": 10,
  "opening_price": [
    12,
    7
  ],
  "rule": "base",
  "sor_bid_bonus_rho": 1,
  "license_names": [
    "British Columbia"
  ],
  "players": [
    {
      "type": [
        {
          "value": [
            0,
            7.978292989589584,
            24.31753413162696,
            43.3829181083203,
            48.73858645263713,
            13.297154982649305,
            39.92092364075792,
            46.95336367119818,
            52.309032015515015,
            57.66470035983185
          ],
          "value_format": "full",
          "budget": 57.66470035983185,
          "prob": 0.14285714285714285,
          "name": "local",
          "action_prefix": [
            3,
            3
          ]
        },
        {
          "value": [
            0,
            5.506427720334668,
            13.215426528803203,
            32.767350068633455,
            41.51648013905773,
            9.177379533891113,
            25.890664534187174,
            39.65424102899216,
            45.24095835918884,
            50.827675689385515
          ],
          "value_format": "full",
          "budget": 50.827675689385515,
          "prob": 0.14285714285714285,
          "name": "local",
          "action_prefix": [
            3,
            3
          ]
        },
        {
          "value": [
            0,
            5.678574562486547,
            16.422735730344865,
            32.71394664288573,
            36.99085637267113,
            9.464290937477578,
            28.360828705402234,
            35.56521979607601,
            39.8421295258614,
            44.11903925564681
          ],
          "value_format": "full",
          "budget": 44.11903925564681,
          "prob": 0.14285714285714285,
          "name": "local",
          "action_prefix": [
            3,
            3
          ]
        },
        {
          "value": [
            0,
            5.671495623287732,
            18.04531571661177,
            27.888256364461398,
            31.064101420678117,
            9.452492705479553,
            26.829641345722496,
            30.005486401939212,
            33.18133145815592,
            36.35717651437263
          ],
          "value_format": "full",
          "budget": 36.35717651437263,
          "prob": 0.14285714285714285,
          "name": "local",
          "action_prefix": [
            3,
            3
          ]
        },
        {
          "value": [
            0,
            7.548781578043391,
            23.290162431883186,
            40.265891352943655,
            45.15264032022189,
            12.581302630072319,
            37.71176366063734,
            43.52372399779581,
            48.41047296507406,
            53.297221932352286
          ],
          "value_format": "full",
          "budget": 53.297221932352286,
          "prob": 0.14285714285714285,
          "name": "local",
          "action_prefix": [
            3,
            3
          ]
        },
        {
          "value": [
            0,
            7.564593438971992,
            22.708547383639804,
            41.964171119489826,
            47.24273541261362,
            12.607655731619987,
            37.87240478434402,
            45.48321398157236,
            50.76177827469615,
            56.04034256781994
          ],
          "value_format": "full",
          "budget": 56.04034256781994,
          "prob": 0.14285714285714285,
          "name": "local",
          "action_prefix": [
            3,
            3
          ]
        },
        {
          "value": [
            0,
            6.263305004677456,
            19.677570276073485,
            32.160128849534324,
            35.94253945294684,
            10.438841674462427,
            30.89932531506348,
            34.68173591847601,
            38.46414652188852,
            42.246557125301045
          ],
          "value_format": "full",
          "budget": 42.246557125301045,
          "prob": 0.14285714285714285,
          "name": "local",
          "action_prefix": [
            3,
            3
          ]
        }
      ]
    },
    {
      "type": [
        {
          "value": [
            0,
            6.346828358161412,
            19.825071017665607,
            33.04577381260821,
            36.97579353352225,
            10.578047263602354,
            31.60264757342304,
            35.665786959884244,
            39.59580668079826,
            43.525826401712294
          ],
          "value_format": "full",
          "budget": 43.525826401712294,
          "prob": 0.14285714285714285,
          "name": "local",
          "action_prefix": [
            3,
            3
          ]
        },
        {
          "value": [
            0,
            5.974020532322418,
            17.43957026873095,
            34.129379400586664,
            38.551623636372256,
            9.95670088720403,
            29.86553151588792,
            37.07754222444372,
            41.49978646022932,
            45.92203069601491
          ],
          "value_format": "full",
          "budget": 45.92203069601491,
          "prob": 0.14285714285714285,
          "name": "local",
          "action_prefix": [
            3,
            3
          ]
        },
        {
          "value": [
            0,
            5.824160358380929,
            16.517640538217528,
            34.08452723067456,
            38.61925516529866,
            9.706933930634882,
            29.0126300240504,
            37.107679187090625,
            41.64240712171474,
            46.17713505633885
          ],
          "value_format": "full",
          "budget": 46.17713505633885,
          "prob": 0.14285714285714285,
          "name": "local",
          "action_prefix": [
            3,
            3
          ]
        },
        {
          "value": [
            0,
            5.179412873578579,
            12.430590896588592,
            30.583078696947478,
            39.76843857988563,
            8.632354789297633,
            23.966629887642167,
            37.94128892558534,
            43.42273788848625,
            48.904186851387166
          ],
          "value_format": "full",
          "budget": 48.904186851387166,
          "prob": 0.14285714285714285,
          "name": "local",
          "action_prefix": [
            3,
            3
          ]
        },
        {
          "value": [
            0,
            5.972149822997204,
            18.883681129207282,
            30.09490391792532,
            33.58380131160876,
            9.953583038328674,
            28.931938120030836,
            32.42083551371428,
            35.90973290739772,
            39.398630301081155
          ],
          "value_format": "full",
          "budget": 39.398630301081155,
          "prob": 0.14285714285714285,
          "name": "local",
          "action_prefix": [
            3,
            3
          ]
        },
        {
          "value": [
            0,
            7.558865715089391,
            23.339139678758603,
            40.26576860886006,
            45.14685957131727,
            12.598109525148987,
            37.75662505563497,
            43.5198292504982,
            48.400920212955405,
            53.28201117541263
          ],
          "value_format": "full",
          "budget": 53.28201117541263,
          "prob": 0.14285714285714285,
          "name": "local",