{
  "activity": [
    12,
    7
  ],
  "agent_memory": 10,
  "base_game_name": "feb10_2p_7type_2",
  "heuristic_deviations": 1000,
  "increment": 0.05,
  "information_policy": "show_demand",
  "licenses": [
    1,
    4
  ],
  "max_rounds": 10,
  "opening_price": [
    12,
    7
  ],
  "rule": "tie_break",
  "sor_bid_bonus_rho": 0,
  "tiebreaking_policy": "DROP_BY_LICENSE",
  "license_names": [
    "British Columbia"
  ],
  "players": [
    {
      "type": [
        {
          "value": [
            0,
            5.9045778234749875,
            18.1355863308261,
            31.733343272992045,
            35.60996040631609,
            9.84096303912498,
            29.519500991093057,
            34.31775469520808,
            38.19437182853212,
            42.070988961856166
          ],
          "value_format": "full",
          "budget": 42.070988961856166,
          "prob": 0.14285714285714285,
          "name": "local",
          "action_prefix": [
            3,
            3
          ]
        },
        {
          "value": [
            0,
            6.570549892306346,
            19.058265705349374,
            37.7557747257673,
            42.67821749800821,
            10.950916487177242,
            32.826414435428866,
            41.03740324059457,
            45.95984601283548,
            50.88228878507639
          ],
          "value_format": "full",
          "budget": 50.88228878507639,
          "prob": 0.14285714285714285,
          "name": "local",
          "action_prefix": [
            3,
            3
          ]
        },
        {
          "value": [
            0,
            6.204639076031118,
            17.981969050319414,
            35.679221864533666,
            40.334588720407716,
            10.34106512671853,
            30.9955134037847,
            38.78279976844969,
            43.43816662432375,
            48.0935334801978
          ],
          "value_format": "full",
          "budget": 48.0935334801978,
          "prob": 0.14285714285714285,
          "name": "local",
          "action_prefix": [
            3,
            3
          ]
        },
        {
          "value": [
            0,
            7.042391472389655,
            20.068070624464017,
            41.06414715844858,
            46.504940642106064,
            11.737319120649426,
            35.10545162417353,
            44.691342814220235,
            50.132136297877715,
            55.57292978153519
          ],
          "value_format": "full",
          "budget": 55.57292978153519,
          "prob": 0.14285714285714285,
          "name": "local",
          "action_prefix": [
            3,
            3
          ]
        },
        {
          "value": [
            0,
            5.507286868824215,
            13.217488485178114,
            32.85022173712015,
            41.2533535983865,
            9.178811448040356,
            26.027381061286892,
            39.418085927701576,
            44.92388893975634,
            50.4296919518111
          ],
          "value_format": "full",
          "budget": 50.4296919518111,
          "prob": 0.14285714285714285,
          "name": "local",
          "action_prefix": [
            3,
            3
          ]
        },
        {
          "value": [
            0,
            7.656523303887021,
            22.140778151859188,
            44.112727529410776,
            49.88043184138341,
            12.760872173145035,
            38.23895773198588,
            47.957863737392536,
            53.725568049365165,
            59.493272361337795
          ],
          "value_format": "full",
          "budget": 59.493272361337795,
          "prob": 0.14285714285714285,
          "name": "local",
          "action_prefix": [
            3,
            3
          ]
        },
        {
          "value": [
            0,
            6.023794387662837,
            18.758428473564937,
            31.57145713445623,
            35.34649631206882,
            10.039657312771395,
            30.025243183204914,
            34.08814991953129,
            37.863189097143874,
            41.638228274756464
          ],
          "value_format": "full",
          "budget": 41.638228274756464,
          "prob": 0.14285714285714285,
          "name": "local",
          "action_prefix": [
            3,
            3
          ]
        }
      ]
    },
    {
      "type": [
        {
          "value": [
            0,
            5.743886343682374,
            16.591706399714056,
            33.124288810488245,
            37.45968698387206,
            9.57314390613729,
            28.683036563738806,
            36.014554259410794,
            40.349952432794616,
            44.68535060617843
          ],
          "value_format": "full",
          "budget": 44.68535060617843,
          "prob": 0.14285714285714285,
          "name": "local",
          "action_prefix": [
            3,
            3
          ]
        },
        {
          "value": [
            0,
            7.334060906473081,
            23.354834363647928,
            35.913448775998575,
            39.99116865947562,
            12.223434844121803,
            34.55420881483956,
            38.631928698316614,
            42.709648581793644,
            46.78736846527068
          ],
          "value_format": "full",
          "budget": 46.78736846527068,
          "prob": 0.14285714285714285,
          "name": "local",
          "action_prefix": [
            3,
            3
          ]
        },
        {
          "value": [
            0,
            5.115223339337012,
            12.276536014408828,
            29.590146881922614,
            40.682090974786234,
            8.525372232228353,
            22.755354603644967,
            38.71490319315912,
            44.616466538040456,
            50.51802988292181
          ],
          "value_format": "full",
          "budget": 50.51802988292181,
          "prob": 0.14285714285714285,
          "name": "local",
          "action_prefix": [
            3,
            3
          ]
        },
        {
          "value": [
            0,
            6.601605265802662,
            20.722763113786456,
            33.971687194690126,
            37.974067846706994,
            11.002675443004437,
            32.6375603106845,
            36.639940962701374,
            40.64232161471825,
            44.64470226673512
          ],
          "value_format": "full",
          "budget": 44.64470226673512,
          "prob": 0.14285714285714285,
          "name": "local",
          "action_prefix": [
            3,
            3
          ]
        },
        {
          "value": [
            0,
            5.351680885090148,
            12.844034124216355,
            31.88050968195466,
            40.23428598510645,
            8.919468141816914,
            25.220642756328303,
            38.43612250946269,
            43.83061293639398,
            49.225103363325275
          ],
          "value_format": "full",
          "budget": 49.225103363325275,
          "prob": 0.14285714285714285,
          "name": "local",
          "action_prefix": [
            3,
            3
          ]
        },
        {
          "value": [
            0,
            5.863565816210292,
            18.573368828632297,
            29.36705940296711,
            32.75606080687417,
            9.77260969368382,
            28.237392268331423,
            31.626393672238486,
            35.015395076145545,
            38.404396480052604
          ],
          "value_format": "full",
          "budget": 38.404396480052604,
          "prob": 0.14285714285714285,
          "name": "local",