{
  "activity": [
    12,
    7
  ],
  "agent_memory": 10,
  "base_game_name": "feb10_2p_7type_1",
  "heuristic_deviations": 1000,
  "increment": 0.05,
  "information_policy": "show_demand",
  "licenses": [
    1,
    4
  ],
  "max_rounds": 10,
  "opening_price": [
    12,
    7
  ],
  "rule": "base",
  "sor_bid_bonus_rho": 1,
  "license_names": [
    "British Columbia"
  ],
  "players": [
    {
      "type": [
        {
          "value": [
            0,
            7.092472109198976,
            20.128263856662763,
            41.48586274576492,
            47.00208076948921,
            11.82078684866496,
            35.33418011479236,
            45.16334142824779,
            50.67955945197208,
            56.195777475696374
          ],
          "value_format": "full",
          "budget": 56.195777475696374,
          "prob": 0.14285714285714285,
          "name": "local",
          "action_prefix": [
            3,
            3
          ]
        },
        {
          "value": [
            0,
            7.421484909695682,
            18.587229181490798,
            44.76142838899915,
            53.23176945667767,
            12.36914151615947,
            36.03669531982971,
            50.98069185445836,
            57.733924661116305,
            64.48715746777424
          ],
          "value_format": "full",
          "budget": 64.48715746777424,
          "prob": 0.14285714285714285,
          "name": "local",
          "action_prefix": [
            3,
            3
          ]
        },
        {
          "value": [
            0,
            5.5253505094482485,
            13.260841222675799,
            33.179601524937745,
            40.468330424703574,
            9.208917515747084,
            26.519183935975065,
            38.71616181291685,
            43.97266764827703,
            49.22917348363722
          ],
          "value_format": "full",
          "budget": 49.22917348363722,
          "prob": 0.14285714285714285,
          "name": "local",
          "action_prefix": [
            3,
            3
          ]
        },
        {
          "value": [
            0,
            7.612261921259863,
            23.151405292721215,
            41.52104218179346,
            46.66141908236444,
            12.687103202099774,
            38.09564552899105,
            44.947960115507456,
            50.08833701607841,
            55.2287139166494
          ],
          "value_format": "full",
          "budget": 55.2287139166494,
          "prob": 0.14285714285714285,
          "name": "local",
          "action_prefix": [
            3,
            3
          ]
        },
        {
          "value": [
            0,
            5.835069977480896,
            15.306486026726018,
            35.30362407301191,
            40.84973472005447,
            9.725116629134826,
            28.63791139091662,
            39.166019438359264,
            44.217165283444885,
            49.2683111285305
          ],
          "value_format": "full",
          "budget": 49.2683111285305,
          "prob": 0.14285714285714285,
          "name": "local",
          "action_prefix": [
            3,
            3
          ]
        },
        {
          "value": [
            0,
            6.874977967566357,
            16.49994712215926,
            41.00028005710255,
            51.52716747006362,
            11.458296612610596,
            32.477178325188135,
            49.23323318646369,
            56.115036037263465,
            62.99683888806325
          ],
          "value_format": "full",
          "budget": 62.99683888806325,
          "prob": 0.14285714285714285,
          "name": "local",
          "action_prefix": [
            3,
            3
          ]
        },
        {
          "value": [
            0,
            6.725260194757822,
            19.297560704545994,
            38.99971444723212,
            44.13529745730051,
            11.208766991263037,
            33.55610019753264,
            42.423436453944376,
            47.559019464012756,
            52.694602474081144
          ],
          "value_format": "full",
          "budget": 52.694602474081144,
          "prob": 0.14285714285714285,
          "name": "local",
          "action_prefix": [
            3,
            3
          ]
        }
      ]
    },
    {
      "type": [
        {
          "value": [
            0,
            5.4881523792132185,
            13.506109154224719,
            33.05092386867756,
            39.68652471373266,
            9.14692063202203,
            26.535985630526618,
            37.993051391386494,
            43.073471358425024,
            48.153891325463555
          ],
          "value_format": "full",
          "budget": 48.153891325463555,
          "prob": 0.14285714285714285,
          "name": "local",
          "action_prefix": [
            3,
            3
          ]
        },
        {
          "value": [
            0,
            5.327160941261001,
            13.272131947517693,
            32.115868784942734,
            38.30514361754415,
            8.878601568768335,
            25.83462317246772,
            36.680852740002955,
            41.55372537262653,
            46.42659800525011
          ],
          "value_format": "full",
          "budget": 46.42659800525011,
          "prob": 0.14285714285714285,
          "name": "local",
          "action_prefix": [
            3,
            3
          ]
        },
        {
          "value": [
            0,
            7.812767851393639,
            24.83555106527042,
            38.58023600856877,
            42.98690650954103,
            13.021279752322732,
            37.11134584157803,
            41.518016342550276,
            45.92468684352254,
            50.33135734449479
          ],
          "value_format": "full",
          "budget": 50.33135734449479,
          "prob": 0.14285714285714285,
          "name": "local",
          "action_prefix": [
            3,
            3
          ]
        },
        {
          "value": [
            0,
            6.9232494165641105,
            21.64131598259966,
            35.98808693051207,
            40.26235210914215,
            11.538749027606851,
            34.46344457504385,
            38.83759704959879,
            43.11186222822886,
            47.386127406858925
          ],
          "value_format": "full",
          "budget": 47.386127406858925,
          "prob": 0.14285714285714285,
          "name": "local",
          "action_prefix": [
            3,
            3
          ]
        },
        {
          "value": [
            0,
            7.5343146072458875,
            23.89599124337972,
            37.556655206366926,
            41.87568885705358,
            12.55719101207648,
            36.116977322804715,
            40.43601097349136,
            44.75504462417802,
            49.074078274864675
          ],
          "value_format": "full",
          "budget": 49.074078274864675,
          "prob": 0.14285714285714285,
          "name": "local",
          "action_prefix": [
            3,
            3
          ]
        },
        {
          "value": [
            0,
            7.836363897814727,
            24.39353804888724,
            41.10387169738973,
            46.02193183852252,
            13.060606496357881,
            39.064480060998314,
            44.38257845814492,
            49.300638599277704,
            54.21869874041049
          ],
          "value_format": "full",
          "budget": 54.21869874041049,
          "prob": 0.14285714285714285,
          "name": "local",