{
  "activity": [
    12,
    7
  ],
  "agent_memory": 10,
  "base_game_name": "feb10_2p_7type_3",
  "heuristic_deviations": 1000,
  "increment": 0.05,
  "information_policy": "show_demand",
  "licenses": [
    1,
    4
  ],
  "max_rounds": 10,
  "opening_price": [
    12,
    7
  ],
  "rule": "base",
  "sor_bid_bonus_rho": 1,
  "license_names": [
    "British Columbia"
  ],
  "players": [
    {
      "type": [
        {
          "value": [
            0,
            7.578736427922576,
            21.241641942210794,
            44.73312945950206,
            50.74377506014821,
            12.63122737987096,
            37.68299379799327,
            48.7402265265995,
            54.750872127245636,
            60.76151772789178
          ],
          "value_format": "full",
          "budget": 60.76151772789178,
          "prob": 0.14285714285714285,
          "name": "local",
          "action_prefix": [
            3,
            3
          ]
        },
        {
          "value": [
            0,
            6.180854442023897,
            15.461935522152707,
            37.27519668912394,
            44.3579678375478,
            10.301424070039829,
            30.004109633466864,
            42.48099793147732,
            48.111907649688746,
            53.74281736790018
          ],
          "value_format": "full",
          "budget": 53.74281736790018,
          "prob": 0.14285714285714285,
          "name": "local",
          "action_prefix": [
            3,
            3
          ]
        },
        {
          "value": [
            0,
            6.360255405387555,
            20.13896991947027,
            31.898135809996216,
            35.58294602866862,
            10.600425675645925,
            30.66986573710542,
            34.354675955777815,
            38.03948617445021,
            41.72429639312262
          ],
          "value_format": "full",
          "budget": 41.72429639312262,
          "prob": 0.14285714285714285,
          "name": "local",
          "action_prefix": [
            3,
            3
          ]
        },
        {
          "value": [
            0,
            6.780407644190615,
            21.605144222398778,
            33.09347081587668,
            36.84238076494999,
            11.30067940698436,
            31.843834166185584,
            35.59274411525889,
            39.3416540643322,
            43.090564013405505
          ],
          "value_format": "full",
          "budget": 43.090564013405505,
          "prob": 0.14285714285714285,
          "name": "local",
          "action_prefix": [
            3,
            3
          ]
        },
        {
          "value": [
            0,
            7.180571616922621,
            21.06859799187679,
            40.82537907979612,
            46.0886540497777,
            11.9676193615377,
            35.9132793682789,
            44.334229059783844,
            49.59750402976542,
            54.86077899974699
          ],
          "value_format": "full",
          "budget": 54.86077899974699,
          "prob": 0.14285714285714285,
          "name": "local",
          "action_prefix": [
            3,
            3
          ]
        },
        {
          "value": [
            0,
            6.4945093529175635,
            20.53881055441112,
            32.70893922492823,
            36.49929644849813,
            10.824182254862606,
            31.4454868170716,
            35.2358440406415,
            39.0262012642114,
            42.8165584877813
          ],
          "value_format": "full",
          "budget": 42.8165584877813,
          "prob": 0.14285714285714285,
          "name": "local",
          "action_prefix": [
            3,
            3
          ]
        },
        {
          "value": [
            0,
            5.823675964483361,
            13.976822314760067,
            34.98510943633998,
            42.58386346588484,
            9.70612660747227,
            27.978867882383383,
            40.743583427125955,
            46.26442354340261,
            51.785263659679266
          ],
          "value_format": "full",
          "budget": 51.785263659679266,
          "prob": 0.14285714285714285,
          "name": "local",
          "action_prefix": [
            3,
            3
          ]
        }
      ]
    },
    {
      "type": [
        {
          "value": [
            0,
            7.5527352550593765,
            24.01446582426413,
            37.2576799247356,
            41.510147160161125,
            12.58789209176563,
            35.84019084626043,
            40.092658081685954,
            44.345125317111474,
            48.597592552537
          ],
          "value_format": "full",
          "budget": 48.597592552537,
          "prob": 0.14285714285714285,
          "name": "local",
          "action_prefix": [
            3,
            3
          ]
        },
        {
          "value": [
            0,
            5.177811758813431,
            12.426748221152232,
            30.960628270999166,
            38.49983617930751,
            8.62968626468905,
            24.603714851684227,
            36.8026270561817,
            41.89425442555913,
            46.98588179493657
          ],
          "value_format": "full",
          "budget": 46.98588179493657,
          "prob": 0.14285714285714285,
          "name": "local",
          "action_prefix": [
            3,
            3
          ]
        },
        {
          "value": [
            0,
            6.459792724577089,
            19.67854420729135,
            35.15325791286151,
            39.49605039790591,
            10.766321207628481,
            32.32422504350943,
            38.048452902891114,
            42.391245387935506,
            46.734037872979904
          ],
          "value_format": "full",
          "budget": 46.734037872979904,
          "prob": 0.14285714285714285,
          "name": "local",
          "action_prefix": [
            3,
            3
          ]
        },
        {
          "value": [
            0,
            7.558650642273063,
            24.003978534110914,
            37.48480965705391,
            41.77950372095238,
            12.597751070455105,
            36.05324496908776,
            40.347939032986226,
            44.64263309688468,
            48.93732716078315
          ],
          "value_format": "full",
          "budget": 48.93732716078315,
          "prob": 0.14285714285714285,
          "name": "local",
          "action_prefix": [
            3,
            3
          ]
        },
        {
          "value": [
            0,
            7.142227785233003,
            20.324366950118776,
            41.69090810142646,
            47.221431080786495,
            11.903712975388341,
            35.59608807639591,
            45.37792342099982,
            50.90844640035986,
            56.43896937971989
          ],
          "value_format": "full",
          "budget": 56.43896937971989,
          "prob": 0.14285714285714285,
          "name": "local",
          "action_prefix": [
            3,
            3
          ]
        },
        {
          "value": [
            0,
            6.685577558207851,
            20.583790152141596,
            35.78904562438915,
            40.145977137144286,
            11.142629263679751,
            33.41170994206236,
            38.69366663289258,
            43.05059814564769,
            47.40752965840281
          ],
          "value_format": "full",
          "budget": 47.40752965840281,
          "prob": 0.14285714285714285,
          "name": "local",