{
  "activity": [
    12,
    7
  ],
  "agent_memory": 10,
  "heuristic_deviations": 1,
  "increment": 0.05,
  "information_policy": "show_demand",
  "licenses": [
    2,
    5
  ],
  "max_rounds": 10,
  "opening_price": [
    12,
    7
  ],
  "license_names": [
    "British Columbia"
  ],
  "players": [
    {
      "type": [
        {
          "value": [
            0,
            6,
            16,
            33,
            48,
            52,
            11,
            26,
            45,
            51,
            55,
            59,
            39,
            50,
            54,
            57,
            61,
            65
          ],
          "value_format": "full",
          "budget": 65,
          "prob": 0.3333333333333333,
          "name": "local",
          "action_prefix": [
            5,
            5
          ]
        },
        {
          "value": [
            0,
            7,
            18,
            35,
            59,
            68,
            13,
            27,
            51,
            66,
            72,
            78,
            43,
            65,
            70,
            76,
            82,
            88
          ],
          "value_format": "full",
          "budget": 88,
          "prob": 0.3333333333333333,
          "name": "local",
          "action_prefix": [
            5,
            5
          ]
        },
        {
          "value": [
            0,
            7,
            18,
            37,
            49,
            53,
            12,
            30,
            48,
            52,
            56,
            59,
            43,
            50,
            54,
            58,
            62,
            66
          ],
          "value_format": "full",
          "budget": 66,
          "prob": 0.3333333333333333,
          "name": "local",
          "action_prefix": [
            5,
            5
          ]
        }
      ]
    },
    {
      "type": [
        {
          "value": [
            0,
            6,
            16,
            33,
            48,
            52,
            11,
            27,
            45,
            51,
            55,
            58,
            39,
            49,
            53,
            57,
            61,
            65
          ],
          "value_format": "full",
          "budget": 65,
          "prob": 0.3333333333333333,
          "name": "local",
          "action_prefix": [
            5,
            5
          ]
        },
        {
          "value": [
            0,
            8,
            21,
            42,
            60,
            64,
            14,
            35,
            57,
            63,
            67,
            72,
            50,
            61,
            66,
            71,
            75,
            80
          ],
          "value_format": "full",
          "budget": 80,
          "prob": 0.3333333333333333,
          "name": "local",
          "action_prefix": [
            5,
            5
          ]
        },
        {
          "value": [
            0,
            6,
            18,
            32,
            40,
            43,
            11,
            28,
            39,
            42,
            45,
            48,
            37,
            41,
            44,
            47,
            50,
            53
          ],
          "value_format": "full",
          "budget": 53,
          "prob": 0.3333333333333333,
          "name": "local",
          "action_prefix": [
            5,
            5
          ]
        }
      ]
    }
  ]
}