{
  "activity": [
    12,
    7
  ],
  "agent_memory": 10,
  "heuristic_deviations": 1000,
  "increment": 0.05,
  "information_policy": "show_demand",
  "licenses": [
    2,
    5
  ],
  "max_rounds": 10,
  "opening_price": [
    12,
    7
  ],
  "license_names": [
    "British Columbia"
  ],
  "players": [
    {
      "type": [
        {
          "value": [
            0,
            8,
            20,
            41,
            59,
            63,
            14,
            34,
            56,
            62,
            66,
            71,
            49,
            60,
            65,
            69,
            74,
            79
          ],
          "value_format": "full",
          "budget": 79,
          "prob": 0.3333333333333333,
          "name": "local",
          "action_prefix": [
            5,
            5
          ]
        },
        {
          "value": [
            0,
            7,
            16,
            28,
            53,
            67,
            11,
            22,
            44,
            65,
            71,
            77,
            36,
            61,
            69,
            75,
            81,
            87
          ],
          "value_format": "full",
          "budget": 87,
          "prob": 0.3333333333333333,
          "name": "local",
          "action_prefix": [
            5,
            5
          ]
        },
        {
          "value": [
            0,
            6,
            16,
            29,
            52,
            62,
            11,
            22,
            44,
            60,
            66,
            71,
            37,
            59,
            64,
            69,
            75,
            80
          ],
          "value_format": "full",
          "budget": 80,
          "prob": 0.3333333333333333,
          "name": "local",
          "action_prefix": [
            5,
            5
          ]
        }
      ]
    },
    {
      "type": [
        {
          "value": [
            0,
            7,
            18,
            36,
            52,
            56,
            12,
            30,
            49,
            54,
            59,
            63,
            43,
            53,
            57,
            61,
            65,
            70
          ],
          "value_format": "full",
          "budget": 70,
          "prob": 0.3333333333333333,
          "name": "local",
          "action_prefix": [
            5,
            5
          ]
        },
        {
          "value": [
            0,
            9,
            24,
            43,
            52,
            56,
            15,
            37,
            51,
            55,
            58,
            62,
            50,
            53,
            57,
            61,
            65,
            68
          ],
          "value_format": "full",
          "budget": 68,
          "prob": 0.3333333333333333,
          "name": "local",
          "action_prefix": [
            5,
            5
          ]
        },
        {
          "value": [
            0,
            8,
            20,
            40,
            57,
            61,
            13,
            33,
            54,
            60,
            64,
            68,
            47,
            58,
            62,
            67,
            71,
            76
          ],
          "value_format": "full",
          "budget": 76,
          "prob": 0.3333333333333333,
          "name": "local",
          "action_prefix": [
            5,
            5
          ]
        }
      ]
    }
  ]
}