{
  "activity": [
    12,
    7
  ],
  "agent_memory": 10,
  "base_game_name": "feb8_3p_7supply_0",
  "heuristic_deviations": 1000,
  "increment": 0.05,
  "information_policy": "show_demand",
  "licenses": [
    1,
    7
  ],
  "max_rounds": 10,
  "opening_price": [
    12,
    7
  ],
  "rule": "base",
  "sor_bid_bonus_rho": 0,
  "license_names": [
    "British Columbia"
  ],
  "players": [
    {
      "type": [
        {
          "value": [
            0,
            11.983621801141808,
            22.37103990210981,
            25.564639603216936,
            26.973719365422383,
            28.382799127627823,
            29.79187888983327,
            31.20095865203871,
            16.930011373031334,
            25.094946349148454,
            26.504026111353905,
            27.913105873559346,
            29.32218563576479,
            30.731265397970233,
            32.14034516017568,
            33.54942492238112
          ],
          "value_format": "full",
          "budget": 33.54942492238112,
          "prob": 0.3333333333333333,
          "name": "local",
          "action_prefix": [
            3,
            3
          ]
        },
        {
          "value": [
            0,
            11.454054911859284,
            21.020615018331647,
            23.60218891981328,
            24.889721443681417,
            26.177253967549547,
            27.46478649141768,
            28.752319015285813,
            16.009559724465174,
            23.17301141185723,
            24.46054393572537,
            25.748076459593502,
            27.035608983461632,
            28.323141507329765,
            29.610674031197902,
            30.89820655506604
          ],
          "value_format": "full",
          "budget": 30.89820655506604,
          "prob": 0.3333333333333333,
          "name": "local",
          "action_prefix": [
            3,
            3
          ]
        },
        {
          "value": [
            0,
            10.306466616703625,
            19.63294554976232,
            22.889761465940705,
            24.166178107344507,
            25.442594748748313,
            26.719011390152108,
            27.995428031555917,
            14.747647061017288,
            22.46428925213944,
            23.74070589354324,
            25.017122534947042,
            26.293539176350848,
            27.569955817754646,
            28.84637245915845,
            30.12278910056225
          ],
          "value_format": "full",
          "budget": 30.12278910056225,
          "prob": 0.3333333333333333,
          "name": "local",
          "action_prefix": [
            3,
            3
          ]
        }
      ]
    },
    {
      "type": [
        {
          "value": [
            0,
            11.173225071463708,
            24.49752325138266,
            32.044025607610685,
            33.949469476668796,
            35.854913345726914,
            37.76035721478503,
            39.66580108384315,
            17.549504123819528,
            31.408877651257978,
            33.31432152031609,
            35.21976538937421,
            37.12520925843233,
            39.03065312749045,
            40.936096996548564,
            42.84154086560669
          ],
          "value_format": "full",
          "budget": 42.84154086560669,
          "prob": 0.3333333333333333,
          "name": "local",
          "action_prefix": [
            3,
            3
          ]
        },
        {
          "value": [
            0,
            13.617827743686766,
            26.47162165433538,
            31.462772533044003,
            33.23675841800987,
            35.01074430297575,
            36.78473018794162,
            38.558716072907494,
            19.738681986852775,
            30.871443904722042,
            32.64542978968792,
            34.41941567465379,
            36.193401559619666,
            37.96738744458554,
            39.74137332955141,
            41.51535921451729
          ],
          "value_format": "full",
          "budget": 41.51535921451729,
          "prob": 0.3333333333333333,
          "name": "local",
          "action_prefix": [
            3,
            3
          ]
        },
        {
          "value": [
            0,
            12.8070092412334,
            24.262114358237394,
            28.135000815146494,
            29.69903391299468,
            31.263067010842867,
            32.82710010869105,
            34.39113320653924,
            18.26182120171149,
            27.6136564491971,
            29.177689547045283,
            30.74172264489347,
            32.30575574274165,
            33.86978884058984,
            35.43382193843802,
            36.99785503628621
          ],
          "value_format": "full",
          "budget": 36.99785503628621,
          "prob": 0.3333333333333333,
          "name": "local",
          "action_prefix": [
            3,
            3
          ]
        }
      ]
    },
    {
      "type": [
        {
          "value": [
            0,
            11.644178490429175,
            24.227502162445735,
            30.550927525925108,
            32.331668093453054,
            34.11240866098102,
            35.89314922850897,
            37.67388979603692,
            17.63623738186563,
            29.957347336749123,
            31.738087904277076,
            33.51882847180502,
            35.29956903933299,
            37.080309606860936,
            38.861050174388886,
            40.64179074191684
          ],
          "value_format": "full",
          "budget": 40.64179074191684,
          "prob": 0.3333333333333333,
          "name": "local",
          "action_prefix": [
            3,
            3
          ]
        },
        {
          "value": [
            0,
            10.02616466070181,
            20.28977761575941,
            24.998399676153678,
            26.43683926925109,
            27.87527886234851,
            29.313718455445926,
            30.752158048543347,
            14.91359940120543,
            24.51891981178787,
            25.95735940488529,
            27.395798997982702,
            28.834238591080123,
            30.27267818417754,
            31.71111777727495,
            33.14955737037237
          ],
          "value_format": "full",
          "budget": 33.14955737037237,
          "prob": 0.3333333333333333,
          "name": "local",
          "action_prefix": [
            3,
            3
          ]
        },
        {
          "value": [
            0,
            12.524887622276863,
            22.85865291404066,
            25.515856020686535,
            26.902964313401164,
            28.29007260611579,
            29.677180898830418,
            31.064289191545047,
            17.44572823740248,
            25.053486589781652,
            26.440594882496285,
            27.827703175210914,
            29.214811467925546,
            30.601919760640172,
            31.9890280533548,
            33.37613634606943
          ],
          "value_format": "full",
          "budget": 33.37613634606943,
          "prob": 0.3333333333333333,
          "name": "local",
          "action_prefix": [
            3,
            3
          ]
        }
      ]
    }
  ]
}