{
  "activity": [
    12,
    7
  ],
  "agent_memory": 10,
  "base_game_name": "feb8_3p_7supply_4",
  "heuristic_deviations": 1000,
  "increment": 0.05,
  "information_policy": "show_demand",
  "licenses": [
    1,
    7
  ],
  "max_rounds": 10,
  "opening_price": [
    12,
    7
  ],
  "rule": "tie_break",
  "sor_bid_bonus_rho": 1,
  "tiebreaking_policy": "DROP_BY_LICENSE",
  "license_names": [
    "British Columbia"
  ],
  "players": [
    {
      "type": [
        {
          "value": [
            0,
            10.770591316717399,
            20.668506022630826,
            24.268385138296804,
            25.627214849450475,
            26.98604456060414,
            28.344874271757813,
            29.703703982911485,
            15.483884033819031,
            23.81544190124558,
            25.174271612399252,
            26.53310132355292,
            27.89193103470659,
            29.25076074586026,
            30.60959045701393,
            31.9684201681676
          ],
          "value_format": "full",
          "budget": 31.9684201681676,
          "prob": 0.3333333333333333,
          "name": "local",
          "action_prefix": [
            3,
            3
          ]
        },
        {
          "value": [
            0,
            13.680344014984438,
            26.04704064090444,
            30.35331424793939,
            32.045457453887686,
            33.73760065983598,
            35.42974386578428,
            37.12188707173257,
            19.56924717018444,
            29.78926651262329,
            31.481409718571584,
            33.17355292451988,
            34.86569613046818,
            36.55783933641648,
            38.249982542364776,
            39.94212574831307
          ],
          "value_format": "full",
          "budget": 39.94212574831307,
          "prob": 0.3333333333333333,
          "name": "local",
          "action_prefix": [
            3,
            3
          ]
        },
        {
          "value": [
            0,
            10.50260911321926,
            19.680324593056632,
            22.575484802204834,
            23.822571754737304,
            25.069658707269777,
            26.316745659802244,
            27.563832612334718,
            14.872949817903724,
            22.159789151360677,
            23.406876103893147,
            24.653963056425617,
            25.90105000895809,
            27.148136961490557,
            28.39522391402303,
            29.642310866555505
          ],
          "value_format": "full",
          "budget": 29.642310866555505,
          "prob": 0.3333333333333333,
          "name": "local",
          "action_prefix": [
            3,
            3
          ]
        }
      ]
    },
    {
      "type": [
        {
          "value": [
            0,
            13.1136795876898,
            25.94177019395909,
            31.33051406404725,
            33.11318964053438,
            34.8958652170215,
            36.67854079350863,
            38.46121636999577,
            19.22229416210375,
            30.73628887188487,
            32.518964448372,
            34.30164002485913,
            36.084315601346255,
            37.866991177833384,
            39.64966675432052,
            41.43234233080765
          ],
          "value_format": "full",
          "budget": 41.43234233080765,
          "prob": 0.3333333333333333,
          "name": "local",
          "action_prefix": [
            3,
            3
          ]
        },
        {
          "value": [
            0,
            13.682792791315778,
            25.278651532178273,
            28.58110341388483,
            30.146637460957944,
            31.712171508031055,
            33.27770555510417,
            34.843239602177285,
            19.204630286964584,
            28.05925873152713,
            29.62479277860024,
            31.190326825673356,
            32.755860872746474,
            34.32139491981959,
            35.8869289668927,
            37.452463013965804
          ],
          "value_format": "full",
          "budget": 37.452463013965804,
          "prob": 0.3333333333333333,
          "name": "local",
          "action_prefix": [
            3,
            3
          ]
        },
        {
          "value": [
            0,
            10.28400504689708,
            18.75247861876563,
            20.91284713525932,
            22.049096169159462,
            23.185345203059605,
            24.321594236959747,
            25.457843270859893,
            14.31661150969163,
            20.534097457292606,
            21.67034649119275,
            22.80659552509289,
            23.942844558993038,
            25.07909359289318,
            26.215342626793326,
            27.351591660693465
          ],
          "value_format": "full",
          "budget": 27.351591660693465,
          "prob": 0.3333333333333333,
          "name": "local",
          "action_prefix": [
            3,
            3
          ]
        }
      ]
    },
    {
      "type": [
        {
          "value": [
            0,
            11.124189997210015,
            22.300491464517783,
            27.25201047772518,
            28.81295648731921,
            30.37390249691324,
            31.93484850650727,
            33.495794516101306,
            16.44623831497562,
            26.731695141193835,
            28.29264115078787,
            29.853587160381903,
            31.414533169975932,
            32.97547917956996,
            34.53642518916399,
            36.097371198758026
          ],
          "value_format": "full",
          "budget": 36.097371198758026,
          "prob": 0.3333333333333333,
          "name": "local",
          "action_prefix": [
            3,
            3
          ]
        },
        {
          "value": [
            0,
            12.714304534037517,
            25.728719199846353,
            31.698490117759796,
            33.52242733068775,
            35.3463645436157,
            37.17030175654365,
            38.99423896947161,
            18.911644851089346,
            31.090511046783813,
            32.91444825971176,
            34.73838547263972,
            36.56232268556767,
            38.386259898495624,
            40.21019711142357,
            42.03413432435153
          ],
          "value_format": "full",
          "budget": 42.03413432435153,
          "prob": 0.3333333333333333,
          "name": "local",
          "action_prefix": [
            3,
            3
          ]
        },
        {
          "value": [
            0,
            9.657797901970923,
            19.870348214364057,
            24.82632605248089,
            26.266027551927372,
            27.705729051373858,
            29.14543055082034,
            30.58513205026682,
            14.520917098348606,
            24.346425552665398,
            25.78612705211188,
            27.225828551558365,
            28.665530051004847,
            30.10523155045133,
            31.54493304989781,
            32.98463454934429
          ],
          "value_format": "full",
          "budget": 32.98463454934429,
          "prob": 0.3333333333333333,
          "name": "local",
          "action_prefix": [
            3,
            3
          ]
        }
      ]
    }
  ]
}