{
  "activity": [
    12,
    7
  ],
  "agent_memory": 10,
  "base_game_name": "feb8_3p_7supply_3",
  "heuristic_deviations": 1000,
  "increment": 0.05,
  "information_policy": "show_demand",
  "licenses": [
    1,
    7
  ],
  "max_rounds": 10,
  "opening_price": [
    12,
    7
  ],
  "rule": "base",
  "sor_bid_bonus_rho": 1,
  "license_names": [
    "British Columbia"
  ],
  "players": [
    {
      "type": [
        {
          "value": [
            0,
            11.45176285727271,
            24.380717533816153,
            31.311721275396014,
            33.15520242972247,
            34.99868358404892,
            36.842164738375374,
            38.68564589270182,
            17.608407941341014,
            30.697227557287203,
            32.540708711613654,
            34.38418986594011,
            36.227671020266556,
            38.07115217459301,
            39.91463332891946,
            41.75811448324591
          ],
          "value_format": "full",
          "budget": 41.75811448324591,
          "prob": 0.3333333333333333,
          "name": "local",
          "action_prefix": [
            3,
            3
          ]
        },
        {
          "value": [
            0,
            12.555893890996565,
            26.17572191384455,
            33.06024034873266,
            34.98893440324673,
            36.9176284577608,
            38.846322512274845,
            40.77501656678892,
            19.041526282828936,
            32.41734233056131,
            34.34603638507537,
            36.27473043958943,
            38.2034244941035,
            40.13211854861756,
            42.06081260313162,
            43.989506657645684
          ],
          "value_format": "full",
          "budget": 43.989506657645684,
          "prob": 0.3333333333333333,
          "name": "local",
          "action_prefix": [
            3,
            3
          ]
        },
        {
          "value": [
            0,
            11.808680628343172,
            24.15485821374221,
            30.033114801282956,
            31.770068613560202,
            33.50702242583745,
            35.24397623811469,
            36.98093005039194,
            17.68781281186652,
            29.454130197190537,
            31.191084009467783,
            32.92803782174503,
            34.66499163402228,
            36.40194544629952,
            38.13889925857677,
            39.87585307085402
          ],
          "value_format": "full",
          "budget": 39.87585307085402,
          "prob": 0.3333333333333333,
          "name": "local",
          "action_prefix": [
            3,
            3
          ]
        }
      ]
    },
    {
      "type": [
        {
          "value": [
            0,
            9.875617596851619,
            18.9830001909388,
            22.325136871265013,
            23.576315438292784,
            24.827494005320553,
            26.078672572348317,
            27.329851139376085,
            14.21246645117885,
            21.908077348922426,
            23.15925591595019,
            24.410434482977962,
            25.66161305000573,
            26.912791617033502,
            28.163970184061267,
            29.415148751089035
          ],
          "value_format": "full",
          "budget": 29.415148751089035,
          "prob": 0.3333333333333333,
          "name": "local",
          "action_prefix": [
            3,
            3
          ]
        },
        {
          "value": [
            0,
            12.959841907021357,
            24.769864992501617,
            28.97210790854629,
            30.590707796570165,
            32.209307684594044,
            33.82790757261792,
            35.446507460641804,
            18.58366242391672,
            28.43257461253833,
            30.051174500562205,
            31.66977438858608,
            33.288374276609964,
            34.90697416463384,
            36.52557405265772,
            38.1441739406816
          ],
          "value_format": "full",
          "budget": 38.1441739406816,
          "prob": 0.3333333333333333,
          "name": "local",
          "action_prefix": [
            3,
            3
          ]
        },
        {
          "value": [
            0,
            9.845608879770152,
            20.163475368914693,
            25.095615252413566,
            26.54782188600865,
            28.000028519603724,
            29.45223515319881,
            30.90444178679389,
            14.75887863650565,
            24.61154637454854,
            26.06375300814362,
            27.5159596417387,
            28.968166275333786,
            30.420372908928865,
            31.872579542523948,
            33.32478617611903
          ],
          "value_format": "full",
          "budget": 33.32478617611903,
          "prob": 0.3333333333333333,
          "name": "local",
          "action_prefix": [
            3,
            3
          ]
        }
      ]
    },
    {
      "type": [
        {
          "value": [
            0,
            13.158452336596893,
            24.70679476503197,
            28.398802338966508,
            29.969424428348272,
            31.540046517730044,
            33.110668607111805,
            34.681290696493576,
            18.657663016804072,
            27.875261642505922,
            29.445883731887687,
            31.01650582126945,
            32.58712791065122,
            34.15775000003298,
            35.728372089414755,
            37.29899417879652
          ],
          "value_format": "full",
          "budget": 37.29899417879652,
          "prob": 0.3333333333333333,
          "name": "local",
          "action_prefix": [
            3,
            3
          ]
        },
        {
          "value": [
            0,
            10.510247023098772,
            19.26536839228599,
            21.60404916696017,
            22.781701190449503,
            23.95935321393883,
            25.137005237428156,
            26.31465726091749,
            14.679352436997448,
            21.211498492463726,
            22.389150515953055,
            23.566802539442385,
            24.74445456293171,
            25.92210658642104,
            27.099758609910374,
            28.277410633399708
          ],
          "value_format": "full",
          "budget": 28.277410633399708,
          "prob": 0.3333333333333333,
          "name": "local",
          "action_prefix": [
            3,
            3
          ]
        },
        {
          "value": [
            0,
            12.182996869530987,
            23.09459888629105,
            26.797783644407875,
            28.28801734769494,
            29.778251050982007,
            31.268484754269075,
            32.75871845755614,
            17.37899782989292,
            26.301039076645516,
            27.791272779932587,
            29.281506483219655,
            30.77174018650672,
            32.261973889793786,
            33.752207593080854,
            35.24244129636792
          ],
          "value_format": "full",
          "budget": 35.24244129636792,
          "prob": 0.3333333333333333,
          "name": "local",
          "action_prefix": [
            3,
            3
          ]
        }
      ]
    }
  ]
}