{
  "activity": [
    12,
    7
  ],
  "agent_memory": 10,
  "base_game_name": "feb8_3p_7supply_2",
  "heuristic_deviations": 1000,
  "increment": 0.05,
  "information_policy": "show_demand",
  "licenses": [
    1,
    7
  ],
  "max_rounds": 10,
  "opening_price": [
    12,
    7
  ],
  "rule": "base",
  "sor_bid_bonus_rho": 1,
  "license_names": [
    "British Columbia"
  ],
  "players": [
    {
      "type": [
        {
          "value": [
            0,
            10.334289663167567,
            19.7883692050299,
            23.186821274792855,
            24.483543748150648,
            25.780266221508445,
            27.076988694866237,
            28.373711168224034,
            14.836232302149629,
            22.754580450340256,
            24.051302923698053,
            25.348025397055842,
            26.644747870413642,
            27.941470343771435,
            29.238192817129228,
            30.534915290487024
          ],
          "value_format": "full",
          "budget": 30.534915290487024,
          "prob": 0.3333333333333333,
          "name": "local",
          "action_prefix": [
            3,
            3
          ]
        },
        {
          "value": [
            0,
            12.889910092882596,
            25.847135998782186,
            31.593550979174978,
            33.403411150991516,
            35.213271322808055,
            37.0231314946246,
            38.83299166644114,
            19.060017667120498,
            30.990264255236134,
            32.80012442705267,
            34.60998459886921,
            36.419844770685756,
            38.22970494250229,
            40.03956511431883,
            41.84942528613537
          ],
          "value_format": "full",
          "budget": 41.84942528613537,
          "prob": 0.3333333333333333,
          "name": "local",
          "action_prefix": [
            3,
            3
          ]
        },
        {
          "value": [
            0,
            11.407163813791556,
            21.849920354207995,
            25.610503815945204,
            27.04303098435884,
            28.47555815277248,
            29.908085321186114,
            31.340612489599753,
            16.379905023513672,
            25.132994759807325,
            26.56552192822096,
            27.9980490966346,
            29.430576265048234,
            30.863103433461873,
            32.29563060187551,
            33.728157770289144
          ],
          "value_format": "full",
          "budget": 33.728157770289144,
          "prob": 0.3333333333333333,
          "name": "local",
          "action_prefix": [
            3,
            3
          ]
        }
      ]
    },
    {
      "type": [
        {
          "value": [
            0,
            11.087640773663377,
            23.406503573945947,
            29.861276305668852,
            31.612986029016593,
            33.36469575236433,
            35.11640547571207,
            36.86811519905981,
            16.953765916655076,
            29.277373064552936,
            31.029082787900673,
            32.780792511248414,
            34.53250223459616,
            36.284211957943896,
            38.03592168129163,
            39.78763140463937
          ],
          "value_format": "full",
          "budget": 39.78763140463937,
          "prob": 0.3333333333333333,
          "name": "local",
          "action_prefix": [
            3,
            3
          ]
        },
        {
          "value": [
            0,
            10.223056045755003,
            19.614940311015843,
            23.028109485667677,
            24.31739065929918,
            25.606671832930683,
            26.895953006562188,
            28.185234180193692,
            14.695381886355404,
            22.598349094457173,
            23.887630268088675,
            25.176911441720183,
            26.46619261535169,
            27.755473788983192,
            29.044754962614697,
            30.334036136246205
          ],
          "value_format": "full",
          "budget": 30.334036136246205,
          "prob": 0.3333333333333333,
          "name": "local",
          "action_prefix": [
            3,
            3
          ]
        },
        {
          "value": [
            0,
            10.595805190245526,
            21.434254415235205,
            26.3996965973588,
            27.91848627016099,
            29.437275942963183,
            30.956065615765375,
            32.47485528856757,
            15.756971487859657,
            25.893433373091405,
            27.412223045893594,
            28.931012718695786,
            30.449802391497975,
            31.96859206430017,
            33.48738173710236,
            35.00617140990455
          ],
          "value_format": "full",
          "budget": 35.00617140990455,
          "prob": 0.3333333333333333,
          "name": "local",
          "action_prefix": [
            3,
            3
          ]
        }
      ]
    },
    {
      "type": [
        {
          "value": [
            0,
            10.007852474738938,
            21.304454399958125,
            27.358740343588035,
            28.969418976174413,
            30.58009760876079,
            32.19077624134717,
            33.80145487393355,
            15.387186724843314,
            26.821847466059246,
            28.432526098645624,
            30.043204731232002,
            31.653883363818377,
            33.26456199640476,
            34.875240628991136,
            36.485919261577514
          ],
          "value_format": "full",
          "budget": 36.485919261577514,
          "prob": 0.3333333333333333,
          "name": "local",
          "action_prefix": [
            3,
            3
          ]
        },
        {
          "value": [
            0,
            11.763392327062807,
            23.769306655461932,
            29.24725105934381,
            30.92894784072473,
            32.61064462210566,
            34.29234140348658,
            35.9740381848675,
            17.480494388205248,
            28.686685465550166,
            30.36838224693109,
            32.05007902831202,
            33.73177580969294,
            35.41347259107386,
            37.095169372454784,
            38.77686615383571
          ],
          "value_format": "full",
          "budget": 38.77686615383571,
          "prob": 0.3333333333333333,
          "name": "local",
          "action_prefix": [
            3,
            3
          ]
        },
        {
          "value": [
            0,
            11.246593249428416,
            23.11001926014953,
            28.84369878746965,
            30.515397019978636,
            32.18709525248762,
            33.85879348499661,
            35.5304917175056,
            16.895843730724184,
            28.286466043299985,
            29.958164275808976,
            31.62986250831796,
            33.30156074082694,
            34.97325897333593,
            36.64495720584492,
            38.31665543835391
          ],
          "value_format": "full",
          "budget": 38.31665543835391,
          "prob": 0.3333333333333333,
          "name": "local",
          "action_prefix": [
            3,
            3
          ]
        }
      ]
    }
  ]
}