{
  "activity": [
    12,
    7
  ],
  "agent_memory": 10,
  "base_game_name": "feb8_3p_7supply_1",
  "heuristic_deviations": 1000,
  "increment": 0.05,
  "information_policy": "show_demand",
  "licenses": [
    1,
    7
  ],
  "max_rounds": 10,
  "opening_price": [
    12,
    7
  ],
  "rule": "base",
  "sor_bid_bonus_rho": 0,
  "license_names": [
    "British Columbia"
  ],
  "players": [
    {
      "type": [
        {
          "value": [
            0,
            11.52051611324603,
            21.702428371904556,
            25.027207446259485,
            26.413996604814102,
            27.80078576336871,
            29.18757492192332,
            30.57436408047793,
            16.369045760226278,
            24.56494439340795,
            25.951733551962562,
            27.338522710517175,
            28.72531186907179,
            30.112101027626395,
            31.498890186181004,
            32.88567934473562
          ],
          "value_format": "full",
          "budget": 32.88567934473562,
          "prob": 0.3333333333333333,
          "name": "local",
          "action_prefix": [
            3,
            3
          ]
        },
        {
          "value": [
            0,
            13.451114550659943,
            25.568115260292856,
            29.74711561425617,
            31.403916588074814,
            33.060717561893455,
            34.717518535712095,
            36.37431950953073,
            19.221114888580377,
            29.194848622983287,
            30.851649596801934,
            32.50845057062057,
            34.16525154443921,
            35.82205251825785,
            37.478853492076496,
            39.13565446589513
          ],
          "value_format": "full",
          "budget": 39.13565446589513,
          "prob": 0.3333333333333333,
          "name": "local",
          "action_prefix": [
            3,
            3
          ]
        },
        {
          "value": [
            0,
            10.051325945739082,
            18.585568971949936,
            21.032325407178497,
            22.1849764664484,
            23.3376275257183,
            24.490278584988204,
            25.642929644258103,
            14.115251196315677,
            20.648108387421864,
            21.800759446691767,
            22.953410505961667,
            24.10606156523157,
            25.25871262450147,
            26.411363683771373,
            27.564014743041273
          ],
          "value_format": "full",
          "budget": 27.564014743041273,
          "prob": 0.3333333333333333,
          "name": "local",
          "action_prefix": [
            3,
            3
          ]
        }
      ]
    },
    {
      "type": [
        {
          "value": [
            0,
            11.114630551054683,
            21.71003772564964,
            25.918826795278896,
            27.383949868077007,
            28.849072940875114,
            30.314196013673225,
            31.779319086471343,
            16.160062538957042,
            25.430452437679527,
            26.89557551047764,
            28.36069858327575,
            29.825821656073856,
            31.290944728871967,
            32.75606780167008,
            34.221190874468185
          ],
          "value_format": "full",
          "budget": 34.221190874468185,
          "prob": 0.3333333333333333,
          "name": "local",
          "action_prefix": [
            3,
            3
          ]
        },
        {
          "value": [
            0,
            13.285549085538575,
            27.27924403444279,
            34.025975744786074,
            35.997337759970186,
            37.9686997751543,
            39.94006179033841,
            41.911423805522524,
            19.949213346921535,
            33.368855073058036,
            35.34021708824215,
            37.31157910342626,
            39.282941118610374,
            41.25430313379449,
            43.22566514897859,
            45.19702716416271
          ],
          "value_format": "full",
          "budget": 45.19702716416271,
          "prob": 0.3333333333333333,
          "name": "local",
          "action_prefix": [
            3,
            3
          ]
        },
        {
          "value": [
            0,
            11.541975075108999,
            24.706530677728676,
            31.86401542721421,
            33.74431768835496,
            35.62461994949571,
            37.50492221063646,
            39.385224471777214,
            17.81081107635646,
            31.23724800683396,
            33.117550267974714,
            34.99785252911546,
            36.87815479025622,
            38.75845705139696,
            40.638759312537715,
            42.519061573678464
          ],
          "value_format": "full",
          "budget": 42.519061573678464,
          "prob": 0.3333333333333333,
          "name": "local",
          "action_prefix": [
            3,
            3
          ]
        }
      ]
    },
    {
      "type": [
        {
          "value": [
            0,
            10.425510097444091,
            21.96350539178565,
            27.974664660903844,
            29.61423704963467,
            31.25380943836549,
            32.89338182709632,
            34.53295421582714,
            15.919793570940069,
            27.428140531326903,
            29.06771292005773,
            30.70728530878855,
            32.346857697519376,
            33.9864300862502,
            35.62600247498102,
            37.26557486371185
          ],
          "value_format": "full",
          "budget": 37.26557486371185,
          "prob": 0.3333333333333333,
          "name": "local",
          "action_prefix": [
            3,
            3
          ]
        },
        {
          "value": [
            0,
            12.538047288184629,
            26.874854632895822,
            34.696476276886344,
            36.745077451900364,
            38.793678626914385,
            40.842279801928406,
            42.89088097694243,
            19.365098404713773,
            34.01360921854833,
            36.06221039356236,
            38.11081156857638,
            40.1594127435904,
            42.20801391860442,
            44.256615093618436,
            46.30521626863246
          ],
          "value_format": "full",
          "budget": 46.30521626863246,
          "prob": 0.3333333333333333,
          "name": "local",
          "action_prefix": [
            3,
            3
          ]
        },
        {
          "value": [
            0,
            12.389323276990494,
            25.812741602407925,
            32.58568644247873,
            34.486178234928126,
            36.386670027377505,
            38.28716181982689,
            40.187653612276286,
            18.781427241474987,
            31.952189178328947,
            33.85268097077833,
            35.75317276322772,
            37.6536645556771,
            39.55415634812648,
            41.45464814057588,
            43.355139933025264
          ],
          "value_format": "full",
          "budget": 43.355139933025264,
          "prob": 0.3333333333333333,
          "name": "local",
          "action_prefix": [
            3,
            3
          ]
        }
      ]
    }
  ]
}