{
  "activity": [
    12,
    7
  ],
  "agent_memory": 10,
  "base_game_name": "feb8_3p_5supply_1",
  "heuristic_deviations": 1000,
  "increment": 0.2,
  "information_policy": "show_demand",
  "licenses": [
    1,
    5
  ],
  "max_rounds": 10,
  "opening_price": [
    12,
    7
  ],
  "rule": "base",
  "sor_bid_bonus_rho": 1,
  "license_names": [
    "British Columbia"
  ],
  "players": [
    {
      "type": [
        {
          "value": [
            0,
            10.952350064192705,
            28.357048604836265,
            33.81793287984774,
            36.46517814485883,
            39.11242340986991,
            19.180633430300084,
            32.93551779151071,
            35.5827630565218,
            38.230008321532885,
            40.87725358654397,
            43.52449885155506
          ],
          "value_format": "full",
          "budget": 43.52449885155506,
          "prob": 0.3333333333333333,
          "name": "local",
          "action_prefix": [
            3,
            3
          ]
        },
        {
          "value": [
            0,
            13.173882686903152,
            33.43671175824651,
            39.28456982735255,
            42.331113389461485,
            45.37765695157043,
            22.799067527049353,
            38.26905530664956,
            41.31559886875851,
            44.36214243086746,
            47.408685992976395,
            50.45522955508534
          ],
          "value_format": "full",
          "budget": 50.45522955508534,
          "prob": 0.3333333333333333,
          "name": "local",
          "action_prefix": [
            3,
            3
          ]
        },
        {
          "value": [
            0,
            11.326426691058987,
            27.389300480942747,
            31.205491912331027,
            33.57883801860128,
            35.95218412487154,
            18.97541421005126,
            30.414376543574278,
            32.78772264984453,
            35.161068756114794,
            37.534414862385056,
            39.90776096865531
          ],
          "value_format": "full",
          "budget": 39.90776096865531,
          "prob": 0.3333333333333333,
          "name": "local",
          "action_prefix": [
            3,
            3
          ]
        }
      ]
    },
    {
      "type": [
        {
          "value": [
            0,
            12.053011008608252,
            33.12193660478542,
            41.80889869831363,
            45.197898247253505,
            48.586897796193405,
            21.687342200141046,
            40.67923218200033,
            44.06823173094022,
            47.457231279880105,
            50.84623082882,
            54.2352303777599
          ],
          "value_format": "full",
          "budget": 54.2352303777599,
          "prob": 0.3333333333333333,
          "name": "local",
          "action_prefix": [
            3,
            3
          ]
        },
        {
          "value": [
            0,
            14.073695670772814,
            32.593683977979154,
            36.11825171882065,
            38.81665397091396,
            41.515056223007264,
            22.89273772182345,
            35.21878430145622,
            37.91718655354952,
            40.61558880564283,
            43.31399105773613,
            46.012393309829434
          ],
          "value_format": "full",
          "budget": 46.012393309829434,
          "prob": 0.3333333333333333,
          "name": "local",
          "action_prefix": [
            3,
            3
          ]
        },
        {
          "value": [
            0,
            11.776131027282148,
            26.263322566259067,
            28.355833178952683,
            30.438702982079814,
            32.52157278520695,
            18.674793664890203,
            27.661543244576972,
            29.744413047704104,
            31.82728285083124,
            33.91015265395837,
            35.9930224570855
          ],
          "value_format": "full",
          "budget": 35.9930224570855,
          "prob": 0.3333333333333333,
          "name": "local",
          "action_prefix": [
            3,
            3
          ]
        }
      ]
    },
    {
      "type": [
        {
          "value": [
            0,
            10.572141011833455,
            29.608237369550764,
            38.293465035176446,
            41.44320541468964,
            44.59294579420284,
            19.099774192360723,
            37.243551575338714,
            40.39329195485191,
            43.543032334365115,
            46.69277271387832,
            49.84251309339151
          ],
          "value_format": "full",
          "budget": 49.84251309339151,
          "prob": 0.3333333333333333,
          "name": "local",
          "action_prefix": [
            3,
            3
          ]
        },
        {
          "value": [
            0,
            11.530978962739004,
            32.66022835958031,
            42.96546476067708,
            46.53540093896186,
            50.105337117246634,
            20.841917210269077,
            41.77548603458215,
            45.34542221286692,
            48.915358391151706,
            52.48529456943648,
            56.05523074772126
          ],
          "value_format": "full",
          "budget": 56.05523074772126,
          "prob": 0.3333333333333333,
          "name": "local",
          "action_prefix": [
            3,
            3
          ]
        },
        {
          "value": [
            0,
            9.405337077533853,
            27.075670333962783,
            36.69233614117313,
            39.794613761027804,
            42.896891380882465,
            16.941469848627797,
            35.658243601221585,
            38.76052122107625,
            41.862798840930914,
            44.965076460785575,
            48.06735408064025
          ],
          "value_format": "full",
          "budget": 48.06735408064025,
          "prob": 0.3333333333333333,
          "name": "local",
          "action_prefix": [
            3,
            3
          ]
        }
      ]
    }
  ]
}