{
  "activity": [
    12,
    7
  ],
  "agent_memory": 10,
  "base_game_name": "feb8_3p_5supply_4",
  "heuristic_deviations": 1000,
  "increment": 0.2,
  "information_policy": "show_demand",
  "licenses": [
    1,
    5
  ],
  "max_rounds": 10,
  "opening_price": [
    12,
    7
  ],
  "rule": "base",
  "sor_bid_bonus_rho": 1,
  "license_names": [
    "British Columbia"
  ],
  "players": [
    {
      "type": [
        {
          "value": [
            0,
            10.960231062742501,
            27.841696551389585,
            32.73077056639002,
            35.27002557875139,
            37.809280591112746,
            18.97797389603078,
            31.884352228936237,
            34.4236072412976,
            36.962862253658955,
            39.50211726602032,
            42.04137227838168
          ],
          "value_format": "full",
          "budget": 42.04137227838168,
          "prob": 0.3333333333333333,
          "name": "local",
          "action_prefix": [
            3,
            3
          ]
        },
        {
          "value": [
            0,
            12.368287016974348,
            32.27858153552367,
            38.74220989391157,
            41.7870524089853,
            44.83189492405903,
            21.75659986082116,
            37.727262388887,
            40.77210490396072,
            43.81694741903445,
            46.861789934108174,
            49.906632449181906
          ],
          "value_format": "full",
          "budget": 49.906632449181906,
          "prob": 0.3333333333333333,
          "name": "local",
          "action_prefix": [
            3,
            3
          ]
        },
        {
          "value": [
            0,
            9.671271144949023,
            27.29057445737758,
            35.69051885383779,
            38.64565171814911,
            41.600784582460435,
            17.481341520866106,
            34.70547456573401,
            37.66060743004534,
            40.61574029435665,
            43.57087315866798,
            46.5260060229793
          ],
          "value_format": "full",
          "budget": 46.5260060229793,
          "prob": 0.3333333333333333,
          "name": "local",
          "action_prefix": [
            3,
            3
          ]
        }
      ]
    },
    {
      "type": [
        {
          "value": [
            0,
            10.118190765404961,
            28.94166241304199,
            38.727685583578875,
            41.977939949687595,
            45.228194315796316,
            18.263948174481737,
            37.64426746154263,
            40.89452182765136,
            44.14477619376008,
            47.39503055986879,
            50.64528492597751
          ],
          "value_format": "full",
          "budget": 50.64528492597751,
          "prob": 0.3333333333333333,
          "name": "local",
          "action_prefix": [
            3,
            3
          ]
        },
        {
          "value": [
            0,
            11.983621672321462,
            29.52104483773404,
            34.01655361407725,
            36.62237654061355,
            39.22819946714986,
            20.334775560613167,
            33.14794597189849,
            35.753768898434785,
            38.3595918249711,
            40.96541475150739,
            43.57123767804369
          ],
          "value_format": "full",
          "budget": 43.57123767804369,
          "prob": 0.3333333333333333,
          "name": "local",
          "action_prefix": [
            3,
            3
          ]
        },
        {
          "value": [
            0,
            11.71930117339071,
            30.377764170828804,
            36.2608584193829,
            39.10094949127094,
            41.94104056315895,
            20.53721833933547,
            35.31416139542023,
            38.15425246730826,
            40.99434353919628,
            43.83443461108431,
            46.674525682972344
          ],
          "value_format": "full",
          "budget": 46.674525682972344,
          "prob": 0.3333333333333333,
          "name": "local",
          "action_prefix": [
            3,
            3
          ]
        }
      ]
    },
    {
      "type": [
        {
          "value": [
            0,
            10.770325610344393,
            30.09600163403646,
            38.803470516387264,
            41.98923493500432,
            45.17499935362137,
            19.45216371766169,
            37.74154904351491,
            40.92731346213196,
            44.11307788074902,
            47.29884229936607,
            50.48460671798313
          ],
          "value_format": "full",
          "budget": 50.48460671798313,
          "prob": 0.3333333333333333,
          "name": "local",
          "action_prefix": [
            3,
            3
          ]
        },
        {
          "value": [
            0,
            11.747912005170353,
            32.76084510810277,
            42.122226115717886,
            45.57471875411929,
            49.0272113925207,
            21.21110715407472,
            40.97139523625076,
            44.42388787465215,
            47.87638051305356,
            51.328873151454964,
            54.781365789856366
          ],
          "value_format": "full",
          "budget": 54.781365789856366,
          "prob": 0.3333333333333333,
          "name": "local",
          "action_prefix": [
            3,
            3
          ]
        },
        {
          "value": [
            0,
            10.609679071839302,
            28.81601274907857,
            35.9000514128886,
            38.787015422274195,
            41.67397943165979,
            19.015301676716753,
            34.93773007642674,
            37.82469408581233,
            40.711658095197926,
            43.59862210458352,
            46.48558611396911
          ],
          "value_format": "full",
          "budget": 46.48558611396911,
          "prob": 0.3333333333333333,
          "name": "local",
          "action_prefix": [
            3,
            3
          ]
        }
      ]
    }
  ]
}