{
  "activity": [
    12,
    7
  ],
  "agent_memory": 10,
  "base_game_name": "feb8_3p_5supply_3",
  "heuristic_deviations": 1000,
  "increment": 0.2,
  "information_policy": "show_demand",
  "licenses": [
    1,
    5
  ],
  "max_rounds": 10,
  "opening_price": [
    12,
    7
  ],
  "rule": "base",
  "sor_bid_bonus_rho": 0,
  "license_names": [
    "British Columbia"
  ],
  "players": [
    {
      "type": [
        {
          "value": [
            0,
            11.971447383788941,
            27.71417002735588,
            30.703059310273492,
            32.99650342400485,
            35.2899475377362,
            19.467981975963674,
            29.938577939029706,
            32.23202205276106,
            34.525466166492414,
            36.81891028022378,
            39.11235439395513
          ],
          "value_format": "full",
          "budget": 39.11235439395513,
          "prob": 0.3333333333333333,
          "name": "local",
          "action_prefix": [
            3,
            3
          ]
        },
        {
          "value": [
            0,
            9.661904620117404,
            27.321482920631496,
            35.84822792396768,
            38.82219177007192,
            41.79615561617616,
            17.46444226007607,
            34.85690664193293,
            37.83087048803717,
            40.80483433414141,
            43.77879818024565,
            46.75276202634989
          ],
          "value_format": "full",
          "budget": 46.75276202634989,
          "prob": 0.3333333333333333,
          "name": "local",
          "action_prefix": [
            3,
            3
          ]
        },
        {
          "value": [
            0,
            11.558728185412,
            30.37775590444939,
            36.67607351789184,
            39.56908620289481,
            42.462098887897774,
            20.40875754265962,
            35.71173595622418,
            38.60474864122715,
            41.49776132623012,
            44.39077401123309,
            47.28378669623606
          ],
          "value_format": "full",
          "budget": 47.28378669623606,
          "prob": 0.3333333333333333,
          "name": "local",
          "action_prefix": [
            3,
            3
          ]
        }
      ]
    },
    {
      "type": [
        {
          "value": [
            0,
            9.504094357750382,
            27.74154650751414,
            38.902096473913126,
            42.25660628860018,
            45.61111610328724,
            16.946465385854662,
            37.78392653568411,
            41.138436350371165,
            44.49294616505823,
            47.84745597974528,
            51.20196579443233
          ],
          "value_format": "full",
          "budget": 51.20196579443233,
          "prob": 0.3333333333333333,
          "name": "local",
          "action_prefix": [
            3,
            3
          ]
        },
        {
          "value": [
            0,
            12.185678591168104,
            28.393533317910325,
            31.591288907283907,
            33.95765431093864,
            36.32401971459338,
            19.90370465152154,
            30.802500439398994,
            33.16886584305373,
            35.53523124670847,
            37.90159665036321,
            40.267962054017936
          ],
          "value_format": "full",
          "budget": 40.267962054017936,
          "prob": 0.3333333333333333,
          "name": "local",
          "action_prefix": [
            3,
            3
          ]
        },
        {
          "value": [
            0,
            12.510494513227918,
            31.394865056989175,
            36.59575319954553,
            39.41971147274341,
            42.243669745941276,
            21.49618379233231,
            35.65443377514624,
            38.47839204834411,
            41.30235032154198,
            44.126308594739854,
            46.95026686793772
          ],
          "value_format": "full",
          "budget": 46.95026686793772,
          "prob": 0.3333333333333333,
          "name": "local",
          "action_prefix": [
            3,
            3
          ]
        }
      ]
    },
    {
      "type": [
        {
          "value": [
            0,
            11.1922325649821,
            26.400614187022537,
            29.610150951154637,
            31.839600435649746,
            34.06904992014485,
            18.434319051668023,
            28.867001122989603,
            31.09645060748471,
            33.32590009197982,
            35.55534957647492,
            37.78479906097002
          ],
          "value_format": "full",
          "budget": 37.78479906097002,
          "prob": 0.3333333333333333,
          "name": "local",
          "action_prefix": [
            3,
            3
          ]
        },
        {
          "value": [
            0,
            9.988250607252214,
            28.24620054882705,
            37.0654658554657,
            40.140604515514454,
            43.215743175563205,
            18.05431180571201,
            36.040419635449446,
            39.1155582954982,
            42.190696955546954,
            45.265835615595705,
            48.340974275644456
          ],
          "value_format": "full",
          "budget": 48.340974275644456,
          "prob": 0.3333333333333333,
          "name": "local",
          "action_prefix": [
            3,
            3
          ]
        },
        {
          "value": [
            0,
            12.261374197646134,
            30.587615797708857,
            35.51353224614163,
            38.247117095852666,
            40.9807019455637,
            20.986966461162385,
            34.602337296237955,
            37.33592214594899,
            40.06950699566002,
            42.80309184537106,
            45.53667669508211
          ],
          "value_format": "full",
          "budget": 45.53667669508211,
          "prob": 0.3333333333333333,
          "name": "local",
          "action_prefix": [
            3,
            3
          ]
        }
      ]
    }
  ]
}