{
  "activity": [
    12,
    7
  ],
  "agent_memory": 10,
  "base_game_name": "feb8_3p_5supply_2",
  "heuristic_deviations": 1000,
  "increment": 0.2,
  "information_policy": "show_demand",
  "licenses": [
    1,
    5
  ],
  "max_rounds": 10,
  "opening_price": [
    12,
    7
  ],
  "rule": "base",
  "sor_bid_bonus_rho": 1,
  "license_names": [
    "British Columbia"
  ],
  "players": [
    {
      "type": [
        {
          "value": [
            0,
            11.866320631529591,
            33.08818973179496,
            42.53816594949158,
            46.024507845578555,
            49.51084974166554,
            21.424590439441033,
            41.37605198412924,
            44.86239388021623,
            48.34873577630321,
            51.835077672390184,
            55.32141956847716
          ],
          "value_format": "full",
          "budget": 55.32141956847716,
          "prob": 0.3333333333333333,
          "name": "local",
          "action_prefix": [
            3,
            3
          ]
        },
        {
          "value": [
            0,
            12.005937469772832,
            33.63728998459262,
            43.529209586963816,
            47.11082324836745,
            50.692436909771075,
            21.691095291205986,
            42.33533836649594,
            45.916952027899576,
            49.498565689303206,
            53.080179350706835,
            56.66179301211047
          ],
          "value_format": "full",
          "budget": 56.66179301211047,
          "prob": 0.3333333333333333,
          "name": "local",
          "action_prefix": [
            3,
            3
          ]
        },
        {
          "value": [
            0,
            11.323227350164197,
            26.467235185375028,
            29.509188236136072,
            31.72255440451512,
            33.93592057289416,
            18.534659652645548,
            28.77139951334306,
            30.984765681722102,
            33.19813185010114,
            35.41149801848019,
            37.62486418685923
          ],
          "value_format": "full",
          "budget": 37.62486418685923,
          "prob": 0.3333333333333333,
          "name": "local",
          "action_prefix": [
            3,
            3
          ]
        }
      ]
    },
    {
      "type": [
        {
          "value": [
            0,
            11.795912512133912,
            30.387195255584707,
            36.09665202001402,
            38.91533783004039,
            41.73402364006677,
            20.597817063225254,
            35.15709008333856,
            37.97577589336493,
            40.79446170339131,
            43.613147513417694,
            46.43183332344407
          ],
          "value_format": "full",
          "budget": 46.43183332344407,
          "prob": 0.3333333333333333,
          "name": "local",
          "action_prefix": [
            3,
            3
          ]
        },
        {
          "value": [
            0,
            10.231247774154971,
            28.05136337109644,
            35.31432841100909,
            38.17227225989745,
            41.030216108785794,
            18.396576427926394,
            34.36168046137965,
            37.219624310268,
            40.07756815915635,
            42.9355120080447,
            45.79345585693305
          ],
          "value_format": "full",
          "budget": 45.79345585693305,
          "prob": 0.3333333333333333,
          "name": "local",
          "action_prefix": [
            3,
            3
          ]
        },
        {
          "value": [
            0,
            9.63208579516301,
            27.67633392440491,
            37.361606907420224,
            40.513366537812644,
            43.665126168205056,
            17.362776509373234,
            36.311020363956096,
            39.4627799943485,
            42.614539624740914,
            45.766299255133326,
            48.91805888552574
          ],
          "value_format": "full",
          "budget": 48.91805888552574,
          "prob": 0.3333333333333333,
          "name": "local",
          "action_prefix": [
            3,
            3
          ]
        }
      ]
    },
    {
      "type": [
        {
          "value": [
            0,
            12.909173830387264,
            28.983738824346798,
            31.44202214357621,
            33.75878176943964,
            36.07554139530307,
            20.563728589415614,
            30.669768934955066,
            32.98652856081849,
            35.30328818668193,
            37.62004781254536,
            39.93680743840879
          ],
          "value_format": "full",
          "budget": 39.93680743840879,
          "prob": 0.3333333333333333,
          "name": "local",
          "action_prefix": [
            3,
            3
          ]
        },
        {
          "value": [
            0,
            13.78910550245866,
            32.134726398741094,
            35.75756251438655,
            38.43618610619356,
            41.11480969800056,
            22.525115453069343,
            34.864687983784215,
            37.54331157559122,
            40.22193516739823,
            42.90055875920524,
            45.57918235101224
          ],
          "value_format": "full",
          "budget": 45.57918235101224,
          "prob": 0.3333333333333333,
          "name": "local",
          "action_prefix": [
            3,
            3
          ]
        },
        {
          "value": [
            0,
            13.040206817629901,
            31.78011056370174,
            36.381917938213434,
            39.157422247151395,
            41.93292655608935,
            21.963970506235537,
            35.45674983523412,
            38.232254144172074,
            41.00775845311003,
            43.78326276204799,
            46.558767070985944
          ],
          "value_format": "full",
          "budget": 46.558767070985944,
          "prob": 0.3333333333333333,
          "name": "local",
          "action_prefix": [
            3,
            3
          ]
        }
      ]
    }
  ]
}