{
  "activity": [
    12,
    7
  ],
  "agent_memory": 10,
  "base_game_name": "feb8_3p_5supply_0",
  "heuristic_deviations": 1000,
  "increment": 0.2,
  "information_policy": "show_demand",
  "licenses": [
    1,
    5
  ],
  "max_rounds": 10,
  "opening_price": [
    12,
    7
  ],
  "rule": "tie_break",
  "sor_bid_bonus_rho": 0,
  "tiebreaking_policy": "DROP_BY_LICENSE",
  "license_names": [
    "British Columbia"
  ],
  "players": [
    {
      "type": [
        {
          "value": [
            0,
            10.41139720335974,
            30.616286475167286,
            44.05355253130336,
            47.90805111762088,
            51.7625497039384,
            18.348587603783706,
            42.76871966919752,
            46.62321825551504,
            50.47771684183255,
            54.33221542815007,
            58.18671401446758
          ],
          "value_format": "full",
          "budget": 58.18671401446758,
          "prob": 0.3333333333333333,
          "name": "local",
          "action_prefix": [
            3,
            3
          ]
        },
        {
          "value": [
            0,
            11.214326200856764,
            32.606532778289406,
            45.229509096383126,
            49.10542932611473,
            52.98134955584634,
            20.074342943984444,
            43.937535686472586,
            47.81345591620419,
            51.6893761459358,
            55.56529637566741,
            59.44121660539902
          ],
          "value_format": "full",
          "budget": 59.44121660539902,
          "prob": 0.3333333333333333,
          "name": "local",
          "action_prefix": [
            3,
            3
          ]
        },
        {
          "value": [
            0,
            10.848074896800393,
            31.067262359161344,
            41.6677421679834,
            45.169455631323494,
            48.671169094663576,
            19.575294338612775,
            40.50050434687004,
            44.00221781021013,
            47.503931273550215,
            51.00564473689031,
            54.5073582002304
          ],
          "value_format": "full",
          "budget": 54.5073582002304,
          "prob": 0.3333333333333333,
          "name": "local",
          "action_prefix": [
            3,
            3
          ]
        }
      ]
    },
    {
      "type": [
        {
          "value": [
            0,
            10.297355537813315,
            26.767936704397524,
            32.024753533145805,
            34.536616188935895,
            37.04847884472599,
            18.074241786974888,
            31.18746598121578,
            33.69932863700587,
            36.21119129279596,
            38.723053948586056,
            41.23491660437614
          ],
          "value_format": "full",
          "budget": 41.23491660437614,
          "prob": 0.3333333333333333,
          "name": "local",
          "action_prefix": [
            3,
            3
          ]
        },
        {
          "value": [
            0,
            12.57130879081128,
            32.22728388748725,
            38.14111552839054,
            41.11256358237051,
            44.08401163635049,
            21.888770937410953,
            37.15063284373056,
            40.122080897710525,
            43.093528951690494,
            46.064977005670464,
            49.03642505965043
          ],
          "value_format": "full",
          "budget": 49.03642505965043,
          "prob": 0.3333333333333333,
          "name": "local",
          "action_prefix": [
            3,
            3
          ]
        },
        {
          "value": [
            0,
            9.557009830030326,
            27.400272962613435,
            36.82815638954886,
            39.92702604456385,
            43.02589569957885,
            17.24007158773168,
            35.7951998378772,
            38.89406949289219,
            41.99293914790718,
            45.09180880292217,
            48.19067845793717
          ],
          "value_format": "full",
          "budget": 48.19067845793717,
          "prob": 0.3333333333333333,
          "name": "local",
          "action_prefix": [
            3,
            3
          ]
        }
      ]
    },
    {
      "type": [
        {
          "value": [
            0,
            13.21207689108168,
            32.15313583693012,
            36.776903312962496,
            39.58098373919471,
            42.38506416542691,
            22.23162877005713,
            35.84220983755176,
            38.64629026378397,
            41.45037069001617,
            44.25445111624839,
            47.058531542480594
          ],
          "value_format": "full",
          "budget": 47.058531542480594,
          "prob": 0.3333333333333333,
          "name": "local",
          "action_prefix": [
            3,
            3
          ]
        },
        {
          "value": [
            0,
            11.84711346096759,
            26.81595279783834,
            29.256084672792955,
            31.419787838962296,
            33.58349100513164,
            18.975132192810804,
            28.534850284069844,
            30.698553450239185,
            32.86225661640853,
            35.025959782577864,
            37.18966294874721
          ],
          "value_format": "full",
          "budget": 37.18966294874721,
          "prob": 0.3333333333333333,
          "name": "local",
          "action_prefix": [
            3,
            3
          ]
        },
        {
          "value": [
            0,
            12.222880659193937,
            30.64984536831952,
            35.70898432086079,
            38.46362167328787,
            41.21825902571493,
            20.99171346517011,
            34.79077187005178,
            37.545409222478845,
            40.30004657490591,
            43.05468392733297,
            45.809321279760034
          ],
          "value_format": "full",
          "budget": 45.809321279760034,
          "prob": 0.3333333333333333,
          "name": "local",
          "action_prefix": [
            3,
            3
          ]
        }
      ]
    }
  ]
}