{
  "activity": [
    12,
    8
  ],
  "agent_memory": 10,
  "heuristic_deviations": 1000,
  "increment": 0.05,
  "information_policy": "hide_demand",
  "licenses": [
    3,
    3
  ],
  "max_rounds": 10,
  "opening_price": [
    12,
    8
  ],
  "license_names": [
    "British Columbia"
  ],
  "players": [
    {
      "type": [
        {
          "value": [
            0,
            22,
            31,
            38,
            25,
            34,
            41,
            49,
            37,
            44,
            52,
            59,
            48,
            55,
            62,
            69
          ],
          "value_format": "full",
          "budget": 69,
          "prob": 0.3333333333333333,
          "name": "local",
          "action_prefix": [
            12,
            12
          ],
          "utility_function": {
            "name": "risk_averse",
            "alpha": 0.014492753623188406
          }
        },
        {
          "value": [
            0,
            23,
            32,
            39,
            26,
            35,
            42,
            49,
            38,
            45,
            51,
            57,
            48,
            54,
            60,
            65
          ],
          "value_format": "full",
          "budget": 65,
          "prob": 0.3333333333333333,
          "name": "local",
          "action_prefix": [
            12,
            12
          ],
          "utility_function": {
            "name": "risk_averse",
            "alpha": 0.015384615384615385
          }
        },
        {
          "value": [
            0,
            14,
            26,
            34,
            20,
            30,
            38,
            45,
            33,
            41,
            49,
            58,
            44,
            52,
            63,
            74
          ],
          "value_format": "full",
          "budget": 74,
          "prob": 0.3333333333333333,
          "name": "local",
          "action_prefix": [
            12,
            12
          ],
          "utility_function": {
            "name": "risk_averse",
            "alpha": 0.013513513513513514
          }
        }
      ]
    },
    {
      "type": [
        {
          "value": [
            0,
            19,
            29,
            36,
            22,
            32,
            40,
            48,
            35,
            43,
            51,
            60,
            47,
            54,
            64,
            74
          ],
          "value_format": "full",
          "budget": 74,
          "prob": 0.3333333333333333,
          "name": "local",
          "action_prefix": [
            12,
            12
          ],
          "utility_function": {
            "name": "risk_averse",
            "alpha": 0.013513513513513514
          }
        },
        {
          "value": [
            0,
            24,
            33,
            41,
            27,
            37,
            44,
            51,
            40,
            47,
            54,
            60,
            50,
            57,
            63,
            69
          ],
          "value_format": "full",
          "budget": 69,
          "prob": 0.3333333333333333,
          "name": "local",
          "action_prefix": [
            12,
            12
          ],
          "utility_function": {
            "name": "risk_averse",
            "alpha": 0.014492753623188406
          }
        },
        {
          "value": [
            0,
            21,
            30,
            37,
            24,
            33,
            40,
            47,
            36,
            43,
            50,
            58,
            46,
            54,
            61,
            68
          ],
          "value_format": "full",
          "budget": 68,
          "prob": 0.3333333333333333,
          "name": "local",
          "action_prefix": [
            12,
            12
          ],
          "utility_function": {
            "name": "risk_averse",
            "alpha": 0.014705882352941176
          }
        }
      ]
    }
  ]
}