{
  "activity": [
    12,
    7
  ],
  "agent_memory": 10,
  "base_game_name": "feb10_2p_3type_2",
  "heuristic_deviations": 1000,
  "increment": 0.05,
  "information_policy": "show_demand",
  "licenses": [
    1,
    4
  ],
  "max_rounds": 10,
  "opening_price": [
    12,
    7
  ],
  "rule": "base",
  "sor_bid_bonus_rho": 1,
  "license_names": [
    "British Columbia"
  ],
  "players": [
    {
      "type": [
        {
          "value": [
            0,
            6.124071179475696,
            19.32405440240226,
            31.063071116721858,
            34.68206979618272,
            10.206785299126162,
            29.856738223568243,
            33.475736903029095,
            37.09473558248994,
            40.7137342619508
          ],
          "value_format": "full",
          "budget": 40.7137342619508,
          "prob": 0.3333333333333333,
          "name": "local",
          "action_prefix": [
            3,
            3
          ]
        },
        {
          "value": [
            0,
            5.252521456486927,
            13.158121122946415,
            31.680301562037975,
            37.670289588235086,
            8.754202427478212,
            25.506241415674126,
            36.07747598517034,
            40.85591679436461,
            45.63435760355889
          ],
          "value_format": "full",
          "budget": 45.63435760355889,
          "prob": 0.3333333333333333,
          "name": "local",
          "action_prefix": [
            3,
            3
          ]
        },
        {
          "value": [
            0,
            6.50674851032208,
            18.894310540797637,
            37.35218011162224,
            42.21683667776696,
            10.844580850536799,
            32.511554603042974,
            40.595284489052055,
            45.45994105519678,
            50.3245976213415
          ],
          "value_format": "full",
          "budget": 50.3245976213415,
          "prob": 0.3333333333333333,
          "name": "local",
          "action_prefix": [
            3,
            3
          ]
        }
      ]
    },
    {
      "type": [
        {
          "value": [
            0,
            5.372293605777129,
            12.893504653865108,
            31.790058284320295,
            41.058570570475155,
            8.953822676295214,
            24.966922405409733,
            39.18390990705021,
            44.80789189732505,
            50.4318738875999
          ],
          "value_format": "full",
          "budget": 50.4318738875999,
          "prob": 0.3333333333333333,
          "name": "local",
          "action_prefix": [
            3,
            3
          ]
        },
        {
          "value": [
            0,
            6.336287759596997,
            19.944051638295935,
            32.37190972096297,
            36.16434170375231,
            10.560479599328328,
            31.10776572669987,
            34.9001977094892,
            38.69262969227853,
            42.485061675067854
          ],
          "value_format": "full",
          "budget": 42.485061675067854,
          "prob": 0.3333333333333333,
          "name": "local",
          "action_prefix": [
            3,
            3
          ]
        },
        {
          "value": [
            0,
            7.0560325265786545,
            21.375459726800024,
            38.69477584611455,
            43.509195837702286,
            11.760054210964425,
            35.319745263404116,
            41.90438917383972,
            46.718809165427444,
            51.53322915701519
          ],
          "value_format": "full",
          "budget": 51.53322915701519,
          "prob": 0.3333333333333333,
          "name": "local",
          "action_prefix": [
            3,
            3
          ]
        }
      ]
    }
  ]
}