{
  "activity": [
    12,
    7
  ],
  "agent_memory": 10,
  "base_game_name": "feb10_2p_3type_1",
  "heuristic_deviations": 1000,
  "increment": 0.05,
  "information_policy": "show_demand",
  "licenses": [
    1,
    4
  ],
  "max_rounds": 10,
  "opening_price": [
    12,
    7
  ],
  "rule": "base",
  "sor_bid_bonus_rho": 1,
  "license_names": [
    "British Columbia"
  ],
  "players": [
    {
      "type": [
        {
          "value": [
            0,
            7.211631740835429,
            18.85362720505245,
            43.6243910064232,
            50.58410424928367,
            12.019386234725715,
            35.36746973929962,
            48.49504148687076,
            54.762229774109514,
            61.02941806134826
          ],
          "value_format": "full",
          "budget": 61.02941806134826,
          "prob": 0.3333333333333333,
          "name": "local",
          "action_prefix": [
            3,
            3
          ]
        },
        {
          "value": [
            0,
            7.380637380497597,
            19.041148173410694,
            44.61176203053508,
            52.14948062495065,
            12.30106230082933,
            36.088224078160295,
            49.97936412469109,
            56.489713625469776,
            63.00006312624846
          ],
          "value_format": "full",
          "budget": 63.00006312624846,
          "prob": 0.3333333333333333,
          "name": "local",
          "action_prefix": [
            3,
            3
          ]
        },
        {
          "value": [
            0,
            5.6119350362166065,
            17.641783563395276,
            28.76976641471862,
            32.14921807068579,
            9.35322506036101,
            27.643282529396227,
            31.022734185363404,
            34.40218584133057,
            37.78163749729775
          ],
          "value_format": "full",
          "budget": 37.78163749729775,
          "prob": 0.3333333333333333,
          "name": "local",
          "action_prefix": [
            3,
            3
          ]
        }
      ]
    },
    {
      "type": [
        {
          "value": [
            0,
            6.590279373792598,
            19.542992462576784,
            37.06824915590359,
            41.79488909397658,
            10.983798956320998,
            32.98381967968572,
            40.21934244795226,
            44.94598238602525,
            49.67262232409824
          ],
          "value_format": "full",
          "budget": 49.67262232409824,
          "prob": 0.3333333333333333,
          "name": "local",
          "action_prefix": [
            3,
            3
          ]
        },
        {
          "value": [
            0,
            5.570186956374068,
            15.147172013172842,
            33.51942683240557,
            38.13064249596112,
            9.283644927290114,
            27.54444312505601,
            36.593570608109275,
            41.20478627166482,
            45.81600193522037
          ],
          "value_format": "full",
          "budget": 45.81600193522037,
          "prob": 0.3333333333333333,
          "name": "local",
          "action_prefix": [
            3,
            3
          ]
        },
        {
          "value": [
            0,
            5.348800899135913,
            12.837122157926188,
            32.05312527382774,
            39.480544008501326,
            8.914668165226521,
            25.54465591059617,
            37.75543722977231,
            42.930757565959354,
            48.10607790214641
          ],
          "value_format": "full",
          "budget": 48.10607790214641,
          "prob": 0.3333333333333333,
          "name": "local",
          "action_prefix": [
            3,
            3
          ]
        }
      ]
    }
  ]
}