{
  "activity": [
    12,
    7
  ],
  "agent_memory": 10,
  "base_game_name": "feb10_2p_3type_3",
  "heuristic_deviations": 1000,
  "increment": 0.05,
  "information_policy": "show_demand",
  "licenses": [
    1,
    4
  ],
  "max_rounds": 10,
  "opening_price": [
    12,
    7
  ],
  "rule": "tie_break",
  "sor_bid_bonus_rho": 0,
  "tiebreaking_policy": "DROP_BY_LICENSE",
  "license_names": [
    "British Columbia"
  ],
  "players": [
    {
      "type": [
        {
          "value": [
            0,
            5.757583526723918,
            17.282529408408024,
            31.943125635568734,
            35.96156233472212,
            9.595972544539865,
            28.825541257421605,
            34.622083435004335,
            38.64052013415771,
            42.65895683331109
          ],
          "value_format": "full",
          "budget": 42.65895683331109,
          "prob": 0.3333333333333333,
          "name": "local",
          "action_prefix": [
            3,
            3
          ]
        },
        {
          "value": [
            0,
            7.190807162742617,
            21.046319819082633,
            40.98083058073031,
            46.27725456314883,
            11.98467860457103,
            35.95698383020184,
            44.51177990234265,
            49.80820388476116,
            55.10462786717967
          ],
          "value_format": "full",
          "budget": 55.10462786717967,
          "prob": 0.3333333333333333,
          "name": "local",
          "action_prefix": [
            3,
            3
          ]
        },
        {
          "value": [
            0,
            5.24604922397205,
            13.236334581947743,
            31.659316075162355,
            37.49325557900408,
            8.74341537328675,
            25.518322244090818,
            35.91391581409045,
            40.65193510883135,
            45.38995440357226
          ],
          "value_format": "full",
          "budget": 45.38995440357226,
          "prob": 0.3333333333333333,
          "name": "local",
          "action_prefix": [
            3,
            3
          ]
        }
      ]
    },
    {
      "type": [
        {
          "value": [
            0,
            5.772706476237507,
            13.854495542970017,
            34.672443737784626,
            42.24331464477059,
            9.621177460395845,
            27.72114107177753,
            40.416138850062026,
            45.89766623418769,
            51.37919361831335
          ],
          "value_format": "full",
          "budget": 51.37919361831335,
          "prob": 0.3333333333333333,
          "name": "local",
          "action_prefix": [
            3,
            3
          ]
        },
        {
          "value": [
            0,
            6.470805651112644,
            19.82734332426662,
            34.908170939504124,
            39.18695881455702,
            10.78467608518774,
            32.36052279028826,
            37.760696189539395,
            42.03948406459229,
            46.31827193964518
          ],
          "value_format": "full",
          "budget": 46.31827193964518,
          "prob": 0.3333333333333333,
          "name": "local",
          "action_prefix": [
            3,
            3
          ]
        },
        {
          "value": [
            0,
            6.561658690268386,
            19.34144424221905,
            37.1375400794267,
            41.902999095036606,
            10.936097817113977,
            32.82903139654322,
            40.314512756499965,
            45.07997177210987,
            49.84543078771978
          ],
          "value_format": "full",
          "budget": 49.84543078771978,
          "prob": 0.3333333333333333,
          "name": "local",
          "action_prefix": [
            3,
            3
          ]
        }
      ]
    }
  ]
}