{
  "activity": [
    12,
    7
  ],
  "agent_memory": 10,
  "base_game_name": "feb10_2p_1type_4",
  "heuristic_deviations": 1000,
  "increment": 0.05,
  "information_policy": "show_demand",
  "licenses": [
    1,
    4
  ],
  "max_rounds": 10,
  "opening_price": [
    12,
    7
  ],
  "rule": "base",
  "sor_bid_bonus_rho": 0,
  "license_names": [
    "British Columbia"
  ],
  "players": [
    {
      "type": [
        {
          "value": [
            0,
            6.124071179475696,
            19.32405440240226,
            31.063071116721858,
            34.68206979618272,
            10.206785299126162,
            29.856738223568243,
            33.475736903029095,
            37.09473558248994,
            40.7137342619508
          ],
          "value_format": "full",
          "budget": 40.7137342619508,
          "prob": 1.0,
          "name": "local",
          "action_prefix": [
            3,
            3
          ]
        }
      ]
    },
    {
      "type": [
        {
          "value": [
            0,
            5.252521456486927,
            13.158121122946415,
            31.680301562037975,
            37.670289588235086,
            8.754202427478212,
            25.506241415674126,
            36.07747598517034,
            40.85591679436461,
            45.63435760355889
          ],
          "value_format": "full",
          "budget": 45.63435760355889,
          "prob": 1.0,
          "name": "local",
          "action_prefix": [
            3,
            3
          ]
        }
      ]
    }
  ]
}